category,min,max,mean,stddev,sum,count
344,2.031267498,2.031267498,2.031267498,nan,2.031267498,1
345,2.031267488,2.031267488,2.031267488,nan,2.031267488,1
346,0.067339148,2.709551531,1.3884453395,1.86832629335,2.776890679,2
347,0.12447625,1.561926272,0.8079622346,0.539803709992,4.039811173,5
340,1.369636322,1.651330855,1.5104835885,0.199188114507,3.020967177,2
341,1.936664893,1.936664893,1.936664893,nan,1.936664893,1
342,2.031267488,2.031267488,2.031267488,nan,2.031267488,1
343,2.031267477,2.031267477,2.031267477,nan,2.031267477,1
810,0.409427441,5.272770855,2.86721950886,1.6978373961,20.070536562,7
811,0.440321691,5.68115058,2.68553034525,2.63257690389,10.742121381,4
812,0.031254787,10.0960152,2.5547274395,3.55372518314,20.437819516,8
813,0.023161357,8.731977339,2.3992560044,3.71209118609,11.996280022,5
348,2.409820791,2.409820791,2.409820791,nan,2.409820791,1
349,2.409820791,2.409820791,2.409820791,nan,2.409820791,1
816,0.13146283,26.29295055,8.50693728225,8.83017729345,68.055498258,8
817,0.545671023,3.031348642,1.37250541525,1.16121533425,5.490021661,4
595,0.016917911,39.84489653,7.36518662427,12.1975405375,110.477799364,15
719,0.145794048,1.536991959,0.8413930035,0.983725476841,1.682786007,2
718,0.010511978,1.068139216,0.472393242,0.510082116271,1.889572968,4
717,0.394292105,1.861766415,1.12802926,1.03766103582,2.25605852,2
716,0.005306601,1.146572708,0.547249269,0.425786223445,3.830744883,7
715,0.150579025,1.254849715,0.744619318833,0.42747541049,4.467715913,6
714,1.036313308,1.326188425,1.1812508665,0.204972660928,2.362501733,2
713,0.212962319,1.290409038,0.915031134667,0.475087665138,5.490186808,6
712,0.118707125,3.421941832,1.7703244785,2.33573966117,3.540648957,2
711,0.006808775,2.126929279,1.32403234925,1.01022600541,5.296129397,4
710,0.163227931,21.08149371,10.6223608205,14.791447583,21.244721641,2
606,0.342457838,4.693262914,1.80869545467,2.4982235407,5.426086364,3
594,0.153748386,7.588229732,4.1210667328,3.17770224023,20.605333664,5
736,0.864320156,5.87954405,3.46043730967,2.51229321369,10.381311929,3
619,1.373611763,4.53101547,3.23378700467,1.65226551952,9.701361014,3
910,0.009201895,9.387031708,5.65582433833,4.97368416556,16.967473015,3
298,0.213997299,14.82839938,3.5656532416,6.31057019598,17.828266208,5
299,0.21752048,15.95294711,4.0145735526,6.75042135073,20.072867763,5
296,0.966542001,2.46435176,1.55373353775,0.714617028464,6.214934151,4
297,0.224215611,2.365462086,1.2948388485,1.51408990266,2.589677697,2
294,0.066463134,1.698589441,0.630375775333,0.925580203363,1.891127326,3
295,0.084370419,15.63599663,3.847001934,6.18653714616,23.082011604,6
292,1.487927965,1.487927965,1.487927965,nan,1.487927965,1
293,2.030769727,2.030769727,2.030769727,nan,2.030769727,1
290,2.031267488,2.031267488,2.031267488,nan,2.031267488,1
291,1.944228703,1.944228703,1.944228703,nan,1.944228703,1
591,0.44879846,5.574217417,3.29849604233,2.61047244506,9.895488127,3
590,1.721877849,1.721877849,1.721877849,nan,1.721877849,1
593,0.036796767,13.99558244,5.2541946048,5.99947661723,26.270973024,5
592,0.025794717,4.107600072,1.35390313225,1.29771325515,10.831225058,8
199,2.078805496,2.078805496,2.078805496,nan,2.078805496,1
198,2.078922456,2.078922456,2.078922456,nan,2.078922456,1
597,0.059842355,8.764235429,2.5059609335,4.19071783627,10.023843734,4
596,0.06294639,8.393226928,5.29556176067,4.55707172848,15.886685282,3
195,0.133760906,7.363316409,1.89333160571,2.54071216416,13.25332124,7
194,0.027921083,4.998406228,1.71210613,2.00534229142,10.27263678,6
197,0.68316434,1.940878073,1.3120212065,0.889337909396,2.624042413,2
196,1.34867837,3.613886118,2.481282244,1.60174375941,4.962564488,2
191,0.525403436,2.411373409,1.50139037325,0.973888622907,6.005561493,4
190,0.903630792,9.572073643,3.80703412867,4.99271434946,11.421102386,3
193,2.209254064,2.975930191,2.5925921275,0.542121888376,5.185184255,2
192,2.115028647,3.340495785,2.727762216,0.866536123401,5.455524432,2
270,0.002870081,7.028402912,2.44107306767,3.97537263381,7.323219203,3
271,0.055499463,2.056494428,0.804165655,1.09144500966,2.412496965,3
272,0.492561373,3.255247701,2.1959058025,1.19644046054,8.78362321,4
273,0.010684336,3.746482857,1.61092310533,1.92457113742,4.832769316,3
274,0.096895692,2.407689575,1.25260761467,1.1553970703,3.757822844,3
275,0.01373807,2.836911035,0.978029808333,1.61021556385,2.934089425,3
276,0.443523592,2.461868882,1.452696237,1.42718564133,2.905392474,2
277,0.067987305,2.072432834,0.950465834333,1.02345811602,2.851397503,3
278,0.120153623,1.607664611,0.754797944667,0.767390369134,2.264393834,3
279,2.078922456,2.078922456,2.078922456,nan,2.078922456,1
738,0.044781133,0.835260849,0.440020991,0.558953567574,0.880041982,2
524,0.341685468,1.553284104,0.746519617333,0.698680048907,2.239558852,3
525,2.105942716,2.105942716,2.105942716,nan,2.105942716,1
526,2.105942738,2.105942738,2.105942738,nan,2.105942738,1
527,0.9108053,6.32301338,4.07234092467,2.81873249178,12.217022774,3
520,1.020197067,5.799854583,2.8434022,2.58349927226,8.5302066,3
521,0.171755458,8.751983807,2.8207584794,3.48997752089,14.103792397,5
522,0.533026407,4.058110932,2.23696223629,1.49510966263,15.658735654,7
523,0.000425162,2.747637151,0.95333160175,1.26740044669,3.813326407,4
599,2.348489712,6.286885624,4.317687668,2.78486645637,8.635375336,2
528,1.28892453,14.21014654,5.91240386133,7.20171180464,17.737211584,3
529,0.261147187,5.188630304,2.7248887455,3.48425672621,5.449777491,2
449,0.826020651,8.169767455,4.497894053,5.19281316443,8.995788106,2
448,0.368886236,42.4847742,12.143052233,20.3411784659,48.572208932,4
443,0.90105411,0.90105411,0.90105411,nan,0.90105411,1
442,1.713118944,2.568370836,2.14074489,0.604754412456,4.28148978,2
441,0.006941521,2.647260202,1.29883319575,1.10215623182,5.195332783,4
440,3.125248323,3.125248323,3.125248323,nan,3.125248323,1
447,2.233158316,2.233158316,2.233158316,nan,2.233158316,1
446,2.233158316,2.233158316,2.233158316,nan,2.233158316,1
445,0.588676024,1.023217699,0.842143455667,0.226135351318,2.526430367,3
444,0.03907302,7.07391133,2.08507799675,3.34289766742,8.340311987,4
108,0.584472483,0.584472483,0.584472483,nan,0.584472483,1
109,0.584472483,0.584472483,0.584472483,nan,0.584472483,1
102,0.30300488,7.767299183,3.7260790066,2.85847731345,18.630395033,5
103,0.477664305,11.8125979,5.72828378525,4.90300202243,22.913135141,4
100,0.871683938,1.944570271,1.4081271045,0.758645201507,2.816254209,2
101,0.001068858,5.386418954,1.4926724128,2.25425465998,7.463362064,5
106,6.1101e-05,2.262346154,1.1312036275,1.59967710195,2.262407255,2
107,0.039889625,0.441006848,0.24955400125,0.203365345301,0.998216005,4
104,0.190879466,11.41033071,3.56960657725,5.25508301938,14.278426309,4
105,1.830093013,1.830093013,1.830093013,nan,1.830093013,1
902,0.120450359,0.65048945,0.3854699045,0.37479423554,0.770939809,2
903,0.079237532,0.369802562,0.211915847667,0.146913602798,0.635747543,3
39,0.702338459,4.816081336,2.7592098975,2.90885548438,5.518419795,2
38,0.323214206,5.668507844,2.995861025,3.77969337886,5.99172205,2
906,1.956774373,1.956774373,1.956774373,nan,1.956774373,1
907,1.956774373,1.956774373,1.956774373,nan,1.956774373,1
904,0.381145801,0.423478494,0.4023121475,0.0299337342862,0.804624295,2
905,0.004522296,1.939022832,0.971772564,1.36789844721,1.943545128,2
33,0.508121253,0.508121253,0.508121253,nan,0.508121253,1
32,0.584472483,0.584472483,0.584472483,nan,0.584472483,1
31,0.22663032,1.466991762,0.846811041,0.877067986761,1.693622082,2
30,0.371261429,0.523085074,0.4471732515,0.107355528924,0.894346503,2
37,0.006644914,7.756410466,3.88152769,5.47991177443,7.76305538,2
36,0.005812835,28.66628535,6.5164457496,12.4260549334,32.582228748,5
35,0.396335652,1.235814067,0.8160748595,0.593600879906,1.632149719,2
34,0.078672454,0.418644722,0.248658588,0.240396696118,0.497317176,2
641,1.721885986,1.721885986,1.721885986,nan,1.721885986,1
640,1.721885986,1.721885986,1.721885986,nan,1.721885986,1
643,2.084564843,2.565100552,2.3248326975,0.339790058436,4.649665395,2
642,0.709427459,1.365495945,1.037461702,0.463910475373,2.074923404,2
645,0.002249698,6.386753213,2.17799822633,3.6455874325,6.533994679,3
644,6.546546989,6.546546989,6.546546989,nan,6.546546989,1
438,0.397289569,3.420263895,2.17500027743,1.12458602905,15.225001942,7
439,3.125248323,3.125248323,3.125248323,nan,3.125248323,1
436,0.012788303,2.186328175,1.19442942275,0.902516165885,4.777717691,4
437,0.182427855,4.012565928,2.0974968915,2.7083166043,4.194993783,2
434,0.067823651,1.66875873,0.616743852333,0.911359683006,1.850231557,3
435,0.206458792,2.127323503,1.095889387,1.01776967769,4.383557548,4
432,0.007232867,0.901789079,0.352047377,0.481200654221,1.056142131,3
433,0.112182685,1.687634352,0.8999085185,1.11401255717,1.799817037,2
430,0.013944995,10.64678667,1.7283748307,3.2169855871,17.283748307,10
431,0.002738872,5.68570979,1.3211337946,2.45124759409,6.605668973,5
826,0.490605284,1.053113943,0.745383685,0.284968282853,2.236151055,3
339,0.058345987,0.058345987,0.058345987,nan,0.058345987,1
338,0.4566128,1.772196079,1.1144044395,0.930257857797,2.228808879,2
335,2.20325155,2.20325155,2.20325155,nan,2.20325155,1
334,1.628805919,1.628805919,1.628805919,nan,1.628805919,1
337,2.203251538,2.203251538,2.203251538,nan,2.203251538,1
336,2.203251538,2.203251538,2.203251538,nan,2.203251538,1
331,0.146583779,2.543482854,1.3450333165,1.69486358975,2.690066633,2
330,2.947811621,2.947811621,2.947811621,nan,2.947811621,1
333,0.019145826,1.187477869,0.4780353765,0.509528226285,1.912141506,4
332,0.302347848,1.865693859,1.0840208535,1.10545256572,2.168041707,2
744,0.057616675,1.018800751,0.517709728333,0.481901786784,1.553129185,3
745,1.036718932,2.306070134,1.671394533,0.897566842641,3.342789066,2
854,1.956774362,1.956774362,1.956774362,nan,1.956774362,1
818,7.724e-06,1.723672618,0.743582835333,0.885838336842,2.230748506,3
856,0.033076695,1.014405445,0.5770715482,0.375069309292,2.885357741,5
857,0.030653972,3.031043558,0.967720467571,1.153948215,6.774043273,7
850,0.06411917,0.833872078,0.448995624,0.544297501085,0.897991248,2
851,0.141880798,0.742410598,0.342343183,0.346468809813,1.027029549,3
852,0.042854688,1.785531046,0.638300895333,0.993770276409,1.914902686,3
819,0.180479283,2.354411867,1.42903877533,1.12242273994,4.287116326,3
858,2.295562844,2.295562844,2.295562844,nan,2.295562844,1
859,0.822887868,7.971917879,3.69615525067,3.77523538473,11.088465752,3
748,0.106925974,7.499753046,3.80333951,5.22751815475,7.60667902,2
6,0.225736572,0.225736572,0.225736572,nan,0.225736572,1
900,0.228509274,2.802959985,0.950563879,1.23720446228,3.802255516,4
848,0.000186444,6.706735868,2.239429719,3.86880465028,6.718289157,3
99,0.000577896,0.03199825,0.016288073,0.0222175453807,0.032576146,2
98,1.142930224,1.142930224,1.142930224,nan,1.142930224,1
91,0.465087533,3.149152727,1.80712013,1.89792069982,3.61424026,2
90,3.892379381,3.892379381,3.892379381,nan,3.892379381,1
93,0.130264192,9.226038186,3.1990909416,3.6211579559,15.995454708,5
92,0.002782914,8.643389347,3.098510454,4.81287613023,9.295531362,3
95,1.143716075,1.143716075,1.143716075,nan,1.143716075,1
94,0.151109579,3.095323892,1.441694181,1.5053075412,4.325082543,3
97,1.143716075,1.143716075,1.143716075,nan,1.143716075,1
96,1.143716063,1.143716063,1.143716063,nan,1.143716063,1
814,0.493011976,8.223721303,3.7737831495,3.33879238156,15.095132598,4
815,0.276993106,30.29802478,6.62054261214,10.5480255256,46.343798285,7
740,0.767864692,6.003218273,3.3855414825,3.70195401903,6.771082965,2
741,2.1114848,8.047364392,5.079424596,4.19730071181,10.158849192,2
742,0.026672837,8.727041385,1.8999900908,3.82475180586,9.499950454,5
743,0.965746782,1.333763504,1.149755143,0.260227119716,2.299510286,2
559,9.763558328,9.763558328,9.763558328,nan,9.763558328,1
558,0.003811741,7.822981067,2.1621847495,3.78753332545,8.648738998,4
746,7.069492065,7.069492065,7.069492065,nan,7.069492065,1
747,2.906630198,6.89998084,4.4333499002,1.88179892373,22.166749501,5
555,5.334925063,5.334925063,5.334925063,nan,5.334925063,1
554,0.032061338,8.658475766,2.706673262,3.02869269803,16.240039572,6
557,0.003110892,1.525896034,0.5429169275,0.617526959442,3.257501565,6
556,0.095040037,2.195030166,1.00940557967,1.0759534084,3.028216739,3
551,2.105942727,2.105942727,2.105942727,nan,2.105942727,1
550,0.880260979,1.519336169,1.199798574,0.451894400537,2.399597148,2
553,0.937551369,3.001514196,1.62449464367,0.784254979612,9.746967862,6
552,2.105942727,2.105942727,2.105942727,nan,2.105942727,1
238,1.331998583,25.69809241,10.0263425237,13.5992565015,30.079027571,3
239,0.412520726,31.51638369,10.6394039814,12.6034231623,53.197019907,5
234,0.056941059,4.67478848,2.3658647695,3.26531122587,4.731729539,2
235,0.001455289,14.12798603,6.90871406275,7.42245436192,27.634856251,4
236,0.423649592,1.783345693,1.21201171967,0.705350470758,3.636035159,3
237,0.940138967,1.982897608,1.4615182875,0.737341706192,2.923036575,2
230,1.719730469,1.719730469,1.719730469,nan,1.719730469,1
231,1.719730469,1.719730469,1.719730469,nan,1.719730469,1
232,1.719730469,1.719730469,1.719730469,nan,1.719730469,1
233,0.28561938,3.933189557,2.1094044685,2.57922160701,4.218808937,2
1,0.474946668,0.474946668,0.474946668,nan,0.474946668,1
614,1.721885977,1.721885977,1.721885977,nan,1.721885977,1
146,0.01726397,0.804917936,0.396084318,0.368174762534,1.584337272,4
147,0.088713598,0.700346319,0.379084989,0.306984181348,1.137254967,3
144,1.933846772,2.108169553,2.0210081625,0.12326482056,4.042016325,2
145,0.019149067,10.07225152,5.0457002935,7.10861691648,10.091400587,2
142,0.001640478,11.79130742,6.233411639,6.37910848147,24.933646556,4
143,2.107077165,11.01023808,6.5586576225,6.29548545699,13.117315245,2
140,0.091125398,2.936273221,1.5136993095,2.01182331912,3.027398619,2
141,0.094778489,7.933627141,2.026569174,3.3332621617,10.13284587,5
612,1.581765892,1.581765892,1.581765892,nan,1.581765892,1
613,0.691658334,0.74267359,0.717165962,0.0360732334616,1.434331924,2
610,0.195777944,7.108237205,2.548854956,3.94922275364,7.646564868,3
611,0.359356979,1.107279371,0.733318175,0.528860995184,1.46663635,2
616,0.00275903,1.720495501,0.8616272655,1.21462310694,1.723254531,2
617,0.389611588,3.213041851,1.3938569115,1.3215845906,5.575427646,4
148,0.167993442,0.524157082,0.388270879,0.192495571109,1.164812637,3
149,0.086548526,0.225935139,0.168196054,0.072703969671,0.504588162,3
768,0.149511951,1.534765915,0.7874490425,0.698084073799,3.14979617,4
689,0.224254557,1.446341602,0.8352980795,0.86414603672,1.670596159,2
688,1.581765884,1.581765884,1.581765884,nan,1.581765884,1
685,0.505377265,4.871035667,2.11973342425,1.92861879212,8.478933697,4
684,0.335900878,10.63169702,4.084864388,5.68963164601,12.254593164,3
687,0.104524159,1.496990166,0.593014919667,0.783716092431,1.779044759,3
686,0.453965097,3.969709139,2.13809188267,1.76250648833,6.414275648,3
681,0.175625695,4.138226913,1.119217167,1.50323075349,6.715303002,6
680,0.932321729,5.104722095,2.6295248606,1.92597032105,13.147624303,5
683,0.000121188,11.25888902,7.41121517933,6.41976912757,22.233645538,3
682,0.048074154,8.317147911,3.02895177558,2.69663564325,36.347421307,12
623,0.157117388,7.878741051,4.45561057275,3.20301888153,17.822442291,4
622,6.866e-06,4.480034988,1.7361896922,1.65608599219,17.361896922,10
133,0.196821244,0.556828551,0.3768248975,0.254563608056,0.753649795,2
132,0.033721077,1.739715403,0.7451305586,0.692631476266,3.725652793,5
131,0.4203768,0.840178623,0.6302777115,0.296844715798,1.260555423,2
130,2.068138207,6.636149975,4.352144091,3.23007209769,8.704288182,2
137,0.164711695,6.770848738,3.4677802165,4.67124430055,6.935560433,2
136,0.384582212,3.224281165,1.8044316885,2.00797038619,3.608863377,2
135,0.584472483,0.584472483,0.584472483,nan,0.584472483,1
134,0.584472483,0.584472483,0.584472483,nan,0.584472483,1
494,0.081111133,10.93208402,3.18476712937,4.69356108703,25.478137035,8
495,0.024201875,3.258020409,1.09714730017,1.40604036466,6.582883801,6
139,2.97841129,2.97841129,2.97841129,nan,2.97841129,1
138,0.023686058,2.406814816,1.08972039267,1.21123864098,3.269161178,3
490,0.159848563,5.919310647,2.65994063975,2.1912249547,21.279525118,8
491,0.812518406,4.174632078,2.493575242,2.37737337659,4.987150484,2
492,1.814113796,8.330899033,5.0725064145,4.60806303262,10.145012829,2
493,0.000496694,5.851109582,2.2471019273,2.41153661868,22.471019273,10
24,0.095095426,3.808671999,2.22871536933,1.3747692752,13.372292216,6
25,0.000248637,9.500749318,4.7504989775,6.7178684562,9.500997955,2
26,0.041701867,4.84414138,1.790192441,2.1510764087,7.160769764,4
27,0.458048837,0.458048837,0.458048837,nan,0.458048837,1
20,0.007784373,6.354811816,1.98038842975,2.93896358858,7.921553719,4
21,0.037613273,3.39366692,1.6148927012,1.54992256882,8.074463506,5
22,0.040125396,7.042837468,3.541481432,4.95166519281,7.082962864,2
23,0.549419449,3.026504816,2.0632722695,1.10972911375,8.253089078,4
28,0.463327389,0.463327389,0.463327389,nan,0.463327389,1
29,0.474946673,0.474946673,0.474946673,nan,0.474946673,1
407,0.034267356,0.347107351,0.1906873535,0.221211281891,0.381374707,2
406,0.069751721,1.670117318,0.625803212,0.905037456087,1.877409636,3
405,0.118404561,4.576816061,2.13260501567,2.26009736669,6.397815047,3
404,0.006609859,6.358603713,1.31907892557,2.28481725618,9.233552479,7
403,0.003660053,0.722590852,0.2009621882,0.302832413005,1.004810941,5
402,0.183325702,0.948235107,0.679184635,0.42994552905,2.037553905,3
401,0.047887592,2.138566431,0.801956374667,1.16071109825,2.405869124,3
400,0.758412976,1.121119268,0.887707266667,0.202532310558,2.6631218,3
629,3.2929e-05,13.6538974,5.76597080925,6.85311178823,23.063883237,4
409,0.351189823,0.351189823,0.351189823,nan,0.351189823,1
408,0.351189821,0.351189821,0.351189821,nan,0.351189821,1
628,0.447923681,24.66270354,8.28120685075,11.3299456045,33.124827403,4
758,0.086508708,4.355396655,2.88133162133,2.42160114563,8.643994864,3
379,0.018924067,2.91438449,1.4666542785,2.04739969976,2.933308557,2
378,0.887388599,1.665042682,1.3228163695,0.352847648691,5.291265478,4
829,0.059215722,1.508189114,0.608989585333,0.78514628852,1.826968756,3
828,0.577110759,1.620752652,1.0989317055,0.737966259671,2.197863411,2
371,0.287221126,3.726890731,1.54307132475,1.54406677865,6.172285299,4
370,1.147004093,3.971405764,2.5592049285,1.99715357436,5.118409857,2
373,0.024968465,2.182989204,0.6405588665,1.03623458188,2.562235466,4
372,0.037988976,1.680528033,0.669287069,0.745417584149,3.346435345,5
375,2.409820804,2.409820804,2.409820804,nan,2.409820804,1
374,1.984339265,2.332435855,2.15838756,0.246141459297,4.31677512,2
377,0.116176898,1.538732955,0.956449938,0.657583116044,3.825799752,4
376,2.409820791,2.409820791,2.409820791,nan,2.409820791,1
708,0.079936024,25.11982139,6.82132527112,8.17685962564,54.570602169,8
709,21.53250153,21.53250153,21.53250153,nan,21.53250153,1
704,0.007666651,13.8607594,2.9917318269,4.14767506762,29.917318269,10
705,0.130919518,13.89881276,5.80129436,5.32650941073,29.0064718,5
706,0.588999507,6.654064323,3.4461480004,2.54262723302,17.230740002,5
707,1.051511273,5.828950332,3.2034083895,2.39377618516,12.813633558,4
700,0.093355815,5.39560051,1.79123031314,1.79521912323,12.538612192,7
618,0.012482552,6.490143164,2.19400072633,3.72071882603,6.582002179,3
702,0.004615279,7.281923773,2.43575847433,4.1969100001,7.307275423,3
703,0.000942695,2.408790823,0.9321106876,1.25659254641,4.660553438,5
393,0.539251798,0.539251798,0.539251798,nan,0.539251798,1
88,0.035426884,31.90407131,8.271364888,13.0094066577,49.628189328,6
89,0.00180667,10.07417888,2.8354083017,3.21356223026,28.354083017,10
397,0.190592018,5.868436399,2.598028984,2.77209104528,12.99014492,5
396,8.785963227,8.785963227,8.785963227,nan,8.785963227,1
395,0.187616229,0.187616229,0.187616229,nan,0.187616229,1
82,0.100257048,0.288669779,0.213503313667,0.0998117863571,0.640509941,3
83,0.011683937,0.563562885,0.249281128333,0.283818578024,0.747843385,3
80,0.103311482,0.599926876,0.351619179,0.351160112739,0.703238358,2
81,0.053307926,0.396194292,0.186325018,0.183908831778,0.558975054,3
86,0.116333782,0.116333782,0.116333782,nan,0.116333782,1
84,0.046308976,0.441898773,0.223028094667,0.201135246437,0.669084284,3
85,0.584472483,0.584472483,0.584472483,nan,0.584472483,1
797,0.01205072,1.840245017,0.683969667,0.870072019943,2.735878668,4
796,0.023948325,1.750189515,0.88706892,1.22063685141,1.77413784,2
795,1.864412589,1.864412589,1.864412589,nan,1.864412589,1
794,0.395356604,1.602064776,0.807612853,0.688179702557,2.422838559,3
793,0.002500401,1.362131597,0.679332739,0.679835235042,2.037998217,3
792,1.177881448,4.016837601,2.5973595245,2.00744514728,5.194719049,2
791,0.175684664,10.78538948,3.919800195,5.95391953828,11.759400585,3
790,0.028795743,36.4148718,9.06890588312,9.75243793858,154.171400013,17
799,0.081290729,1.953391096,1.0173409125,1.32377486457,2.034681825,2
798,0.050757069,2.763274407,1.3041775636,1.19222301153,6.520887818,5
7,0.062142262,0.062142262,0.062142262,nan,0.062142262,1
601,5.195494017,20.58515137,12.8903226935,10.8821310744,25.780645387,2
607,0.088069363,4.677299325,1.55436277683,1.66840366925,9.326176661,6
586,0.273920846,6.505049848,3.389485347,4.40607357176,6.778970694,2
587,0.009227784,2.416802704,0.8238205785,1.08726730517,3.295282314,4
584,0.769785175,3.962021334,2.3659032545,2.25725183518,4.731806509,2
585,0.005085624,0.784427624,0.27880466,0.438381183569,0.83641398,3
582,0.113773275,5.26509609,1.9976794092,2.14589952257,9.988397046,5
583,0.002442665,5.276970433,2.58350882125,2.59509029646,10.334035285,4
580,0.056395843,4.444802615,2.735508138,2.34945492598,8.206524414,3
581,0.195509113,2.141549298,1.1535049386,0.948549923555,5.767524693,5
588,0.194292062,1.578931329,0.8866116955,0.979087815193,1.773223391,2
589,1.721885977,1.721885977,1.721885977,nan,1.721885977,1
245,0.013134223,1.075195982,0.6754901925,0.489625392091,2.70196077,4
244,1.096902638,2.683468979,1.77836355,0.66226501505,7.1134542,4
247,0.096372175,1.403484757,0.712045163667,0.656841883023,2.136135491,3
246,0.07970346,6.183822169,1.653266577,2.54925090933,9.919599462,6
241,0.031936244,32.8982075,10.8083350074,13.1773624512,54.041675037,5
240,0.014657108,16.65454899,7.0800333708,7.6928586029,35.400166854,5
243,0.012046766,20.8723596,6.59751323457,8.29212933182,46.182592642,7
242,0.323104842,44.88664537,9.099260772,16.0899993585,63.694825404,7
615,1.721885995,1.721885995,1.721885995,nan,1.721885995,1
249,0.031419178,1.167845837,0.783227101333,0.651143081416,2.349681304,3
248,0.09069791,1.924704274,1.007701092,1.29683833672,2.015402184,2
519,0.014658921,11.2213799,2.85609348388,3.85031750407,22.848747871,8
518,1.07585984,7.626914476,3.52330171167,3.575787428,10.569905135,3
511,0.657253989,0.657253989,0.657253989,nan,0.657253989,1
510,0.657253986,0.657253986,0.657253986,nan,0.657253986,1
513,0.028070428,3.117675056,0.9224422015,1.47353221838,3.689768806,4
512,0.211195445,0.359090626,0.2851430355,0.10457768539,0.570286071,2
515,0.441671743,4.566897791,1.934901362,2.2862556446,5.804704086,3
514,0.000263097,4.948553016,1.60643726971,2.09130447742,11.245060888,7
517,3.360398993,5.648324018,4.5043615055,1.61780730002,9.008723011,2
516,0.320755486,11.74477771,2.82338836243,3.96982452938,19.763718537,7
458,0.273689197,1.418230619,0.845959908,0.809313000845,1.691919816,2
459,0.027959466,2.374270148,1.201114807,1.65909219401,2.402229614,2
621,0.052376729,29.46092048,6.55173832,10.492625298,45.86216824,7
620,0.013179003,24.49056463,5.09359674213,8.29004752647,40.748773937,8
627,0.463587617,8.797513584,4.6305506005,5.89297556517,9.261101201,2
626,0.681791711,7.313611951,2.732145446,2.84634357137,13.66072723,5
625,0.501384561,5.974752278,3.0572933565,2.54164654766,12.229173426,4
624,4.318476061,4.36049754,4.3394868005,0.0297136727564,8.678973601,2
450,0.029715063,4.593307227,2.42607843667,2.29040833757,7.27823531,3
451,0.00526258,5.114413333,1.132443009,1.9839988396,6.794658054,6
452,0.022215724,2.313634347,1.1679250355,1.62027764686,2.335850071,2
453,2.474318585,2.474318585,2.474318585,nan,2.474318585,1
454,0.974520979,1.461318591,1.217919785,0.344217892511,2.43583957,2
455,0.126651523,4.563196737,2.30737277833,2.21922591707,6.922118335,3
456,0.024353749,8.36627718,2.76911248257,3.58945939174,19.383787378,7
457,0.113039108,0.179409049,0.1462240785,0.0469306353481,0.292448157,2
179,1.719730469,1.719730469,1.719730469,nan,1.719730469,1
178,1.719730469,1.719730469,1.719730469,nan,1.719730469,1
177,1.719730469,1.719730469,1.719730469,nan,1.719730469,1
176,0.053108495,0.053108495,0.053108495,nan,0.053108495,1
175,0.168310924,0.168310924,0.168310924,nan,0.168310924,1
174,1.600804439,1.600804439,1.600804439,nan,1.600804439,1
173,2.078648738,2.078648738,2.078648738,nan,2.078648738,1
172,0.015119657,1.844058321,0.714449439,0.987476195709,2.143348317,3
171,0.359617603,8.508623377,4.43412049,5.76221724272,8.86824098,2
170,1.369543429,6.652339936,4.0109416825,3.73550123373,8.021883365,2
656,0.061390524,10.94705074,5.9792383486,4.60742223039,29.896191743,5
657,0.405040107,10.51406925,3.2003597306,4.18315315977,16.001798653,5
654,0.524252941,8.096371999,3.129201128,4.30340780821,9.387603384,3
253,2.078922467,2.078922467,2.078922467,nan,2.078922467,1
182,4.716528568,4.716528568,4.716528568,nan,4.716528568,1
183,0.007093947,6.735875112,4.215547865,3.6683037953,12.646643595,3
180,1.71973046,1.71973046,1.71973046,nan,1.71973046,1
181,1.167823823,1.513657814,1.3407408185,0.244541560201,2.681481637,2
186,0.000975131,14.74068341,5.7038865034,5.94782753375,57.038865034,10
187,0.212890338,4.981919002,2.38217497629,1.93869541605,16.675224834,7
184,0.147737181,46.67131747,11.1615155282,17.6984858625,66.969093169,6
185,0.044826459,16.91080804,7.8150410002,7.9763346871,39.075205001,5
886,0.080155671,4.042250441,1.57323522429,1.51835591004,11.01264657,7
652,1.32581054,6.931477331,3.23829350533,3.19906966295,9.714880516,3
188,9.427690529,9.427690529,9.427690529,nan,9.427690529,1
189,9.427690529,9.427690529,9.427690529,nan,9.427690529,1
658,0.249408137,2.487759615,1.2367664028,0.876416579109,6.183832014,5
653,9.641075539,9.641075539,9.641075539,nan,9.641075539,1
650,0.351589772,17.37038788,4.72332649533,6.87476197949,28.339958972,6
651,0.703102486,7.726972562,3.551633623,2.9682377605,14.206534492,4
764,0.196556296,32.27683319,8.61230852306,10.2467924105,137.796936369,16
11,0.127571335,2.662317788,1.200344853,1.31142747985,3.601034559,3
10,0.248966402,7.703271052,2.73773589633,4.30028377664,8.213207689,3
13,0.301959733,24.69388257,7.8238330916,10.0151198165,39.119165458,5
12,0.123457491,2.400285637,1.261871564,1.60996062163,2.523743128,2
15,0.13269547,2.584458176,1.09086789033,1.31064461603,3.272603671,3
14,0.008436885,11.22667609,4.2750610375,5.01562479826,17.10024415,4
17,0.003209092,3.163240613,1.0121692366,1.32116680995,5.060846183,5
16,2.26e-07,3.340331604,1.14191398967,1.90436438702,3.425741969,3
19,0.004851409,12.29708787,2.56144614517,4.84574834106,15.368676871,6
18,0.05529596,6.861496324,1.98655575125,2.68402861553,15.89244601,8
863,1.9104e-05,4.486475187,1.939191614,2.28943417624,7.756766456,4
862,0.821179533,8.850466107,3.70132997433,4.46974079477,11.103989923,3
865,0.034616557,1.185113341,0.762087037667,0.632791755108,2.286261113,3
864,0.105322117,3.843870924,1.6139241385,1.68861912457,6.455696554,4
867,0.008022087,6.330763353,1.19218672186,2.27662260314,8.345307053,7
866,0.023165591,2.004333648,1.0137496195,1.40089736777,2.027499239,2
884,2.060419526,3.425953268,2.743186397,0.965578168907,5.486372794,2
659,0.34390898,6.042187318,3.18579032925,2.44783728106,12.743161317,4
883,0.004969318,6.075379512,1.67067585143,2.53200182555,11.69473096,7
753,2.856501961,2.856501961,2.856501961,nan,2.856501961,1
881,1.956774362,1.956774362,1.956774362,nan,1.956774362,1
880,1.956774383,1.956774383,1.956774383,nan,1.956774383,1
887,0.120962949,1.750407401,1.16203411667,0.904142597005,3.48610235,3
831,0.075129278,4.094171602,1.2551638136,1.40415785302,12.551638136,10
885,0.005305218,11.9944308,5.193273436,5.93782134054,20.773093744,4
752,0.074689881,1.481832803,0.643006435333,0.741548697029,1.929019306,3
62,0.077485433,10.70357769,3.2189893165,4.23338831548,19.313935899,6
888,0.09956923,2.762260018,1.430914624,1.8828067124,2.861829248,2
756,3.191401435,3.191401435,3.191401435,nan,3.191401435,1
809,0.1951064,4.362284447,1.71547531483,1.84884783654,10.292851889,6
322,0.077817653,2.291232276,1.168444964,1.10705770969,3.505334892,3
323,1.930203108,2.027950356,1.979076732,0.0691177419031,3.958153464,2
320,0.089954637,2.678349865,1.384152251,1.83027181811,2.768304502,2
321,0.019555441,14.24490152,2.73422488533,5.65100478849,16.405349312,6
326,1.322287325,5.187552931,2.96000937833,1.99899639871,8.880028135,3
327,2.947811606,2.947811606,2.947811606,nan,2.947811606,1
324,0.025995567,10.57352928,3.6656479678,4.43354279754,18.328239839,5
325,4.201559759,11.61117168,7.9063657195,5.2393868353,15.812731439,2
328,2.94781159,2.94781159,2.94781159,nan,2.94781159,1
329,2.947811606,2.947811606,2.947811606,nan,2.947811606,1
759,0.239505837,25.9537014,5.57970486375,6.32503538606,89.27527782,16
201,0.516447189,0.516447189,0.516447189,nan,0.516447189,1
200,1.692622241,1.692622241,1.692622241,nan,1.692622241,1
203,1.71973046,1.71973046,1.71973046,nan,1.71973046,1
202,0.06366736,0.06366736,0.06366736,nan,0.06366736,1
205,1.719730469,1.719730469,1.719730469,nan,1.719730469,1
204,1.719730469,1.719730469,1.719730469,nan,1.719730469,1
207,0.370308295,3.700921945,2.03561512,2.35509949743,4.07123024,2
206,1.719730478,1.719730478,1.719730478,nan,1.719730478,1
209,0.150527786,30.14095725,13.4486597687,15.2805999369,40.345979306,3
208,4.716528568,4.716528568,4.716528568,nan,4.716528568,1
779,0.05935408,2.015313931,0.842251413333,1.03470594276,2.52675424,3
778,0.025793692,3.428672012,1.0589689682,1.38990164752,5.294844841,5
889,0.471231076,1.124527861,0.752941271,0.248116848843,3.764706355,5
77,0.026368737,10.32391362,2.37458386667,3.99957618404,14.2475032,6
76,0.032095423,7.323463097,1.29881904633,2.31417576767,11.689371417,9
75,0.477186538,2.412551973,1.0790559975,0.903497817187,4.31622399,4
74,0.129617422,1.147657731,0.4566455195,0.465777951258,1.826582078,4
73,0.164880563,0.337261205,0.251070884,0.121891520903,0.502141768,2
72,0.013399713,1.132550788,0.5729752505,0.791359314305,1.145950501,2
71,1.143716063,1.143716063,1.143716063,nan,1.143716063,1
70,1.143716075,1.143716075,1.143716075,nan,1.143716075,1
655,0.155248939,9.622478979,3.7494777195,3.90796710676,22.496866317,6
79,1.916811719,1.916811719,1.916811719,nan,1.916811719,1
78,0.010971154,5.52400409,2.61418847743,1.86099514204,18.299319342,7
2,0.474946673,0.474946673,0.474946673,nan,0.474946673,1
805,0.023979006,1.54668749,0.895865447889,0.567356161069,8.062789031,9
804,0.007708331,3.853379771,1.27550579322,1.28941840979,11.479552139,9
669,0.475260711,1.856012898,1.286591163,0.591737257654,5.146364652,4
668,0.338386623,2.078705044,1.08614255825,0.796248180468,4.344570233,4
667,0.004336766,1.716479947,0.8604083565,1.21066805365,1.720816713,2
666,1.693213903,1.693213903,1.693213903,nan,1.693213903,1
665,0.065834336,0.988282206,0.527058271,0.652269144168,1.054116542,2
664,0.146059799,1.493562355,0.819811077,0.952828195014,1.639622154,2
663,1.581765892,1.581765892,1.581765892,nan,1.581765892,1
662,1.581765876,1.581765876,1.581765876,nan,1.581765876,1
661,1.581765884,1.581765884,1.581765884,nan,1.581765884,1
660,0.622541107,1.373543212,1.1482720485,0.354105070203,4.593088194,4
769,0.002509438,1.854801671,0.622742459,1.06700285618,1.868227377,3
692,0.135218191,1.401702011,0.768460101,0.895539297385,1.536920202,2
693,1.69509788,1.69509788,1.69509788,nan,1.69509788,1
690,0.053559056,1.142340653,0.682933861333,0.563939877774,2.048801584,3
691,0.382492851,0.402069389,0.39228112,0.013842702772,0.78456224,2
696,1.277543921,19.50654068,9.16303975575,7.81658543995,36.652159023,4
697,0.230206459,23.64763358,5.9891284775,8.88869009483,35.934770865,6
694,0.005226157,2.61545174,1.3103389485,1.84570821017,2.620677897,2
695,2.599686138,3.869744639,3.18340709167,0.641217414737,9.550221275,3
698,3.633e-06,14.86206946,3.148660042,6.55062161584,15.74330021,5
699,0.103166849,4.585549102,2.1339620865,2.35728210336,8.535848346,4
542,0.070024809,19.08893429,5.135134581,9.30735183028,20.540538324,4
543,0.965345475,5.322267672,3.56384145367,2.2967326051,10.691524361,3
540,0.001642409,8.09899823,2.062374857,4.02457117591,8.249499428,4
541,0.330036554,4.91868755,2.21966032533,2.39901645544,6.658980976,3
546,0.235868991,15.27257872,4.450784292,7.25688398558,17.803137168,4
547,0.020439818,4.445072291,1.4106116965,2.12214443755,8.463670179,6
544,0.536064265,10.38877583,4.69460538425,4.63262964836,18.778421537,4
545,1.845142618,18.30145204,6.7199095645,7.77885829195,26.879638258,4
8,1.041294685,1.041294685,1.041294685,nan,1.041294685,1
548,0.014973357,9.230591622,1.80490350233,2.56933844302,27.073552535,15
549,0.020154022,13.99102931,5.4567189636,5.4909107229,27.283594818,5
68,0.37862961,4.899906247,2.61906747,2.10000946822,10.47626988,4
598,0.004422573,3.810692745,1.4804406875,1.76542264998,5.92176275,4
869,0.002724416,3.798515897,0.932626370429,1.35924469356,6.528384593,7
868,0.595224069,2.537032084,1.3467066824,0.788378010411,6.733533412,5
120,0.003581169,1.139398678,0.5714899235,0.803144262804,1.142979847,2
121,1.143716069,1.143716069,1.143716069,nan,1.143716069,1
122,1.143716069,1.143716069,1.143716069,nan,1.143716069,1
123,1.143716069,1.143716069,1.143716069,nan,1.143716069,1
124,1.138097101,1.138097101,1.138097101,nan,1.138097101,1
125,0.690186046,0.690186046,0.690186046,nan,0.690186046,1
126,3.151684719,3.151684719,3.151684719,nan,3.151684719,1
127,0.017464749,7.73747129,2.1825974822,3.19566955364,10.912987411,5
128,0.039597424,5.459665555,1.5124550545,1.97866970791,9.074730327,6
129,0.210052083,11.99805369,3.986576756,5.40990923525,15.946307024,4
765,0.003335217,9.894288319,3.01252467529,3.62084351832,21.087672727,7
414,3.125248323,3.125248323,3.125248323,nan,3.125248323,1
415,3.125248323,3.125248323,3.125248323,nan,3.125248323,1
416,0.158118374,2.913515644,1.535817009,1.94836009448,3.071634018,2
417,0.00068919,1.795881974,0.762475831,0.927907402886,2.287427493,3
410,0.055878242,2.986644515,1.14876194225,1.33202167334,4.595047769,4
411,0.556877184,1.882879267,1.21465281767,0.663062814288,3.643958453,3
412,0.008293239,5.799333531,1.13613458775,1.69234341708,13.633615053,12
413,7.2263e-05,3.125219024,1.5626456435,2.20981246691,3.125291287,2
498,0.004343606,1.805253758,0.607533018,1.03726562118,1.822599054,3
418,0.489314902,1.454978775,1.11014805333,0.538757538036,3.33044416,3
419,0.87935344,1.356244139,1.1177987895,0.337212647148,2.235597579,2
776,1.318718804,3.559495317,2.4391070605,1.58446826747,4.878214121,2
499,0.872615615,1.307043709,1.089829662,0.307187051205,2.179659324,2
319,1.933401796,1.933401796,1.933401796,nan,1.933401796,1
318,1.933956627,1.933956627,1.933956627,nan,1.933956627,1
313,0.123014506,1.631727085,0.8773707955,1.06682089547,1.754741591,2
312,0.003915493,2.199555201,1.101735347,1.55255172657,2.203470694,2
311,2.203251538,2.203251538,2.203251538,nan,2.203251538,1
310,2.203251538,2.203251538,2.203251538,nan,2.203251538,1
317,1.959865652,1.959865652,1.959865652,nan,1.959865652,1
316,2.031267488,2.031267488,2.031267488,nan,2.031267488,1
315,2.031267488,2.031267488,2.031267488,nan,2.031267488,1
314,0.036493975,2.014147219,1.025320597,1.39841201967,2.050641194,2
861,0.00295223,6.485690193,2.14000058267,2.6055194586,12.840003496,6
496,0.018537546,7.848356492,1.7841206354,2.64602328662,17.841206354,10
832,0.07350238,2.891768098,1.4138511814,0.999766910036,7.069255907,5
833,0.941472614,6.109984954,3.386385634,2.59550178049,10.159156902,3
830,0.185464923,1.172932212,0.6791985675,0.698244816252,1.358397135,2
497,0.148443559,2.787345754,0.87391115675,1.27722472952,3.495644627,4
836,0.572929733,13.87219104,6.45756597833,6.78035671344,19.372697935,3
837,1.556520973,4.522148039,3.24008573067,1.52303615724,9.720257192,3
834,1.827995437,4.570562238,3.1992788375,1.93928758284,6.398557675,2
835,0.055302258,4.684451839,2.11914973533,1.56661799285,12.714898412,6
838,0.275222726,2.18726065,1.29347265525,0.796148831882,5.173890621,4
839,0.993672832,2.561826939,1.7777498855,1.10885240301,3.555499771,2
808,0.146244237,2.763882796,1.229270383,1.30215365408,4.917081532,4
3,0.474946668,0.474946668,0.474946668,nan,0.474946668,1
725,0.011402026,8.087137306,1.65063140878,2.5826204163,14.855682679,9
368,0.32521163,0.32521163,0.32521163,nan,0.32521163,1
369,0.741904409,0.998571937,0.870238173,0.181491349559,1.740476346,2
366,0.001675886,0.001675886,0.001675886,nan,0.001675886,1
367,0.018511832,0.018511832,0.018511832,nan,0.018511832,1
364,1.005973361,1.253584097,1.129778729,0.17508723052,2.259557458,2
365,0.000781409,0.000781409,0.000781409,nan,0.000781409,1
362,0.513543476,1.27853617,0.9833347335,0.32818765765,3.933338934,4
363,0.655090973,2.149329777,1.402210375,1.05658639102,2.80442075,2
360,0.05696162,2.00801461,0.837703381667,1.03221859093,2.513110145,3
361,0.434933266,2.382597532,1.2801778285,0.932440598981,5.120711314,4
882,0.002620137,5.180540825,1.3241518545,1.97904465104,7.944911127,6
380,0.882193926,1.38952014,1.135857033,0.358733806193,2.271714066,2
381,0.119156755,1.498646595,0.623996324667,0.760472235135,1.871988974,3
382,0.12839455,0.298938815,0.2136666825,0.120593006274,0.427333365,2
383,0.351189819,0.351189819,0.351189819,nan,0.351189819,1
384,0.07490442,2.857449186,1.29496989975,1.42808178872,5.179879599,4
385,0.276883778,1.59436701,0.930354442333,0.65880487661,2.791063327,3
386,0.110325941,1.84616083,0.9344734324,0.708982308937,4.672367162,5
387,0.052258397,2.495153752,1.34449721233,1.22758648757,4.033491637,3
388,0.173813286,3.10495441,1.639383848,2.0726297654,3.278767696,2
389,0.231254689,5.882645039,2.74142673667,2.87805798303,8.22428021,3
784,1.028484962,3.056926802,1.7474944104,0.798052726014,8.737472052,5
785,1.778991418,20.59872187,9.8659847246,7.65929666655,49.329923623,5
786,0.620867193,54.69686206,12.6633310897,14.282652996,265.929952884,21
787,0.035692001,62.46898035,16.9265473566,22.601575833,152.338926209,9
780,8.5494e-05,1.732993577,0.8665395355,1.22535105666,1.733079071,2
781,3.191401435,3.191401435,3.191401435,nan,3.191401435,1
782,3.191401435,3.191401435,3.191401435,nan,3.191401435,1
783,0.700267607,1.578743151,1.13701180067,0.43925900577,3.411035402,3
788,2.373350611,16.55842352,5.58262759817,5.42752195167,33.495765589,6
789,0.057335701,46.6358214,11.3156741099,13.6142933521,101.841066989,9
860,0.004783655,4.288025428,1.4761507416,1.67904940995,7.380753708,5
605,0.263260958,6.399596689,2.69433311983,2.58951452772,16.165998719,6
579,0.002775688,8.971551394,3.9616642802,4.56115517204,19.808321401,5
578,0.030133583,10.15114649,2.9284424625,4.84377467922,11.71376985,4
604,0.965162554,8.62330633,3.49584716543,2.59185177659,24.470930158,7
573,5.722403596,5.722403596,5.722403596,nan,5.722403596,1
572,0.000159824,6.796179179,3.99488040867,3.55171247268,11.984641226,3
571,0.016626268,18.22010874,6.33068228933,10.3031674788,18.992046868,3
570,0.011612893,8.229858883,2.5662002966,3.2862067851,12.831001483,5
577,0.03489187,1.584559841,0.808356390667,0.774837616141,2.425069172,3
576,0.001162277,15.07071825,4.14038467286,5.84572689743,28.98269271,7
575,0.00905225,32.02444632,7.38071342717,12.7400000972,44.284280563,6
574,0.116728403,6.980392198,3.68857272,2.40165346667,33.19715448,9
60,0.000200523,0.138981689,0.069591106,0.0981331035796,0.139182212,2
61,0.186537358,0.714402841,0.4504700995,0.373257262584,0.900940199,2
258,1.71973046,1.71973046,1.71973046,nan,1.71973046,1
259,0.030520674,2.268878652,1.05601116233,1.13088205171,3.168033487,3
64,0.000264406,5.702757445,2.39448811671,2.47702262681,16.761416817,7
65,0.047039543,10.67653944,3.08379380075,5.07700519822,12.335175203,4
66,0.038608358,46.95217644,12.633193126,19.6338008521,63.16596563,5
67,0.022283082,8.397495358,2.84055542067,4.81261574708,8.521666262,3
252,2.078922456,2.078922456,2.078922456,nan,2.078922456,1
69,1.143716063,1.143716063,1.143716063,nan,1.143716063,1
250,1.055866247,1.324014026,1.1899401365,0.189609112891,2.379880273,2
251,0.285179818,1.826321951,1.0557508845,1.08975205302,2.111501769,2
256,1.719730469,1.719730469,1.719730469,nan,1.719730469,1
257,1.719730469,1.719730469,1.719730469,nan,1.719730469,1
254,0.085012088,1.976154294,1.030583191,1.33723947805,2.061166382,2
255,1.719730469,1.719730469,1.719730469,nan,1.719730469,1
603,0.670898702,31.95895418,16.314926441,22.1239961986,32.629852882,2
602,0.278586979,2.820474311,1.549530645,1.79738576947,3.09906129,2
731,0.047297337,27.1549699,9.874748093,15.0121392613,29.624244279,3
730,0.134076335,9.412222686,4.2323080362,3.90354000232,21.161540181,5
733,0.690121046,20.66227855,10.0303402026,8.91086086721,50.151701013,5
732,0.10725423,55.29603398,18.595744527,31.7836840839,55.787233581,3
735,0.432752666,47.94533321,13.155478212,17.8566875338,78.932869272,6
734,0.26505425,76.53890314,26.426943493,43.4123186479,79.280830479,3
508,0.141338655,1.456538923,0.798938789,0.929987028121,1.597877578,2
509,0.657253993,0.657253993,0.657253993,nan,0.657253993,1
506,0.019461362,2.69733757,0.663749938857,0.950265231174,4.646249572,7
507,0.296256204,1.820336189,1.0582961965,1.07768729246,2.116592393,2
504,0.027397329,2.95214584,1.29472637125,1.38467832838,5.178905485,4
505,0.000750501,1.077996845,0.450008509,0.520050478133,1.800034036,4
502,0.668046821,9.121031971,5.830076535,4.5264697836,17.490229605,3
503,3.0276e-05,5.026909065,0.999296330375,1.6935547142,7.994370643,8
500,0.164944867,1.826168045,0.956523928667,0.8333584021,2.869571786,3
501,0.15625262,10.12660803,3.5243377855,4.51526101438,14.097351142,4
630,0.0031544,11.17803456,5.3070025348,4.41955110183,53.070025348,10
631,0.281692203,9.044310789,2.97843453375,4.14275691523,11.913738135,4
632,0.318070559,5.274138794,1.7537293845,2.35849824577,7.014917538,4
633,0.789819175,7.843427407,4.316623291,4.98765421268,8.633246582,2
469,0.946994864,0.946994864,0.946994864,nan,0.946994864,1
468,0.04227496,6.968336876,3.0532161644,2.6646019291,15.266080822,5
636,1.581765884,1.581765884,1.581765884,nan,1.581765884,1
637,1.581765884,1.581765884,1.581765884,nan,1.581765884,1
465,0.697291926,2.671882434,1.39709289867,1.10576254412,4.191278696,3
464,0.024426489,7.90934234,2.04075509089,2.55825250306,18.366795818,9
467,0.033768337,5.278404031,2.5369588322,2.48719188375,12.684794161,5
466,0.770988582,1.812434543,1.19585762925,0.459951559218,4.783430517,4
461,0.011598114,7.107972764,1.9743639414,2.91469634979,9.871819707,5
460,2.479758622,2.479758622,2.479758622,nan,2.479758622,1
463,4.198917018,4.198917018,4.198917018,nan,4.198917018,1
462,0.132570569,3.489424582,1.341277714,1.50222420117,5.365110856,4
901,0.033930552,0.696382666,0.31367503375,0.282614099996,1.254700135,4
168,0.163933813,12.71619847,4.387516115,7.2130937772,13.162548345,3
169,0.024231297,12.25531143,3.1140391806,5.17015904356,15.570195903,5
164,1.064630879,2.461247186,1.7629390325,0.987556861395,3.525878065,2
165,2.97841129,2.97841129,2.97841129,nan,2.97841129,1
166,2.97841129,2.97841129,2.97841129,nan,2.97841129,1
167,1.69011404,2.682451955,2.1862829975,0.701688868925,4.372565995,2
160,0.402881571,7.382029737,2.17664074843,2.56654596441,15.236485239,7
161,0.065593041,7.431180123,2.2423951518,3.01528191756,11.211975759,5
162,0.022548522,8.104267929,2.5541090785,3.73173497056,10.216436314,4
163,9.427690578,9.427690578,9.427690578,nan,9.427690578,1
908,1.200672662,1.547951451,1.3743120565,0.245563186664,2.748624113,2
909,0.02475966,12.48314921,3.53690428238,4.34141507099,28.295234259,8
600,1.145449647,29.59087747,10.8412393443,16.2408349395,32.523718033,3
878,0.016023118,1.893878236,0.954950677,1.32784408802,1.909901354,2
879,1.956774362,1.956774362,1.956774362,nan,1.956774362,1
876,0.857742721,0.857742721,0.857742721,nan,0.857742721,1
877,0.001275277,0.807113331,0.436714243,0.406837045531,1.310142729,3
874,0.489238187,4.919780575,2.704509381,3.13286656689,5.409018762,2
875,0.414026969,1.029604488,0.7218157285,0.435279038031,1.443631457,2
872,0.267090936,1.691808573,0.9794497545,1.0074275024,1.958899509,2
873,0.317861915,5.595828614,2.9568452645,3.73208604374,5.913690529,2
870,2.223723872,3.903469475,3.0635966735,1.18775950655,6.127193347,2
871,0.053687971,2.759270914,1.4064794425,1.91313604606,2.812958885,2
9,1.413482266,1.413482266,1.413482266,nan,1.413482266,1
890,0.001462521,1.784992986,0.78920338275,0.788233160728,3.156813531,4
891,0.005413556,1.294157134,0.649785345,0.911279323214,1.29957069,2
892,0.012945185,1.791635921,0.679996999333,0.96911219969,2.039990998,3
893,0.024379676,4.583312358,1.4045264178,1.81735023746,7.022632089,5
894,0.039728159,3.911888913,1.40777541771,1.47563201151,9.854427924,7
647,9.665251213,9.665251213,9.665251213,nan,9.665251213,1
896,0.034881837,10.95703051,4.33050485333,4.53953628671,25.98302912,6
897,0.085136418,7.900009681,2.397197963,3.68517176143,9.588791852,4
898,0.89465343,1.617152172,1.255902801,0.510883759867,2.511805602,2
899,0.246104302,5.855466601,3.0507854515,3.96641811976,6.101570903,2
646,0.167038271,18.48493497,3.06597015686,6.81236666574,21.461791098,7
649,0.309212442,28.44851994,8.0043748635,11.6945827493,64.034998908,8
648,0.024613577,18.21185831,3.74406344783,7.13015118197,22.464380687,6
357,0.028479657,2.708759504,1.3686195805,1.89524405529,2.737239161,2
356,0.000727308,2.616859066,0.922394194,1.46933620699,2.767182582,3
355,0.939322501,1.288609254,1.1139658775,0.246983031625,2.227931755,2
354,0.312955175,2.395013234,1.3539842045,1.47223737234,2.707968409,2
353,0.067678483,2.904040323,1.485859403,2.00561069096,2.971718806,2
352,0.191740973,4.261395534,2.2265682535,2.87768033717,4.453136507,2
351,4.0884e-05,4.428702059,1.541237552,2.50251628796,4.623712656,3
350,0.459597485,1.680619636,0.8988953315,0.545092375938,3.595581326,4
803,0.000780137,1.864452217,0.69991999125,0.86375695733,2.799679965,4
802,0.020430132,3.325633531,1.6730318315,2.33713173663,3.346063663,2
801,3.360721851,3.360721851,3.360721851,nan,3.360721851,1
800,0.063112544,1.036775929,0.5499442365,0.688483982127,1.099888473,2
807,0.106572711,3.09679064,1.31360955833,1.57616859815,3.940828675,3
806,0.263029111,2.029896501,1.20040219533,0.88835998707,3.601206586,3
359,0.027331192,1.150465652,0.6897991186,0.47001214581,3.448995593,5
358,0.0178174,1.149146814,0.4804290448,0.462895601703,2.402145224,5
216,0.186059584,14.92201533,5.310898965,8.32959235617,15.932696895,3
217,0.245308143,32.76686323,10.4296593771,10.6967629974,73.00761564,7
214,6.407916983,9.739516084,8.0737165335,2.35579631651,16.147433067,2
215,8.407631655,8.407631655,8.407631655,nan,8.407631655,1
212,0.842235779,15.27477452,6.1602275565,5.38313952859,36.961365339,6
213,0.288503331,15.14860343,3.55305223329,5.43560049064,24.871365633,7
210,0.33973633,23.2851652,6.81871895744,7.70885584127,61.368470617,9
211,0.014059645,16.26305301,7.6365354298,7.22261866575,38.182677149,5
762,8.379e-06,12.6895876,2.7207764214,5.57565931888,13.603882107,5
763,25.969025,25.969025,25.969025,nan,25.969025,1
760,0.020828894,45.97803957,14.0017333034,13.7543017199,462.057199011,33
761,0.465183669,37.01171988,11.4229991776,12.1600153857,125.652990954,11
766,0.161403514,11.6949975,5.928200507,8.15548251895,11.856401014,2
767,0.524093799,8.446203989,4.485148894,5.60177783666,8.970297788,2
218,0.424697217,16.34699512,8.149228127,6.51740038854,32.596912508,4
219,0.049543519,11.1666433,5.6080934095,7.86097664227,11.216186819,2
289,2.031267498,2.031267498,2.031267498,nan,2.031267498,1
288,0.359796799,1.750588148,0.834898353667,0.79319836221,2.504695061,3
4,0.138037929,0.439154647,0.318668951667,0.159313887545,0.956006855,3
281,1.71973046,1.71973046,1.71973046,nan,1.71973046,1
280,0.095649782,1.963294755,1.0294722685,1.32062442526,2.058944537,2
283,0.389699789,1.415553397,0.902626593,0.725388042721,1.805253186,2
282,1.719730469,1.719730469,1.719730469,nan,1.719730469,1
285,0.00012926,1.991271451,0.718937650667,1.10496814006,2.156812952,3
284,0.765346735,1.222719191,0.994032963,0.323411165166,1.988065926,2
287,0.666131543,2.901245672,1.7836886075,1.58046435734,3.567377215,2
286,2.203251538,2.203251538,2.203251538,nan,2.203251538,1
678,0.005353038,3.25494697,1.4502131924,1.36809189906,7.251065962,5
679,0.630939005,7.709462676,4.912392606,3.76549069718,14.737177818,3
674,0.311444325,12.53235539,5.54207564033,6.29761373649,16.626226921,3
675,0.001828119,22.46947729,5.0966201956,9.76617614557,25.483100978,5
676,0.134078017,6.83267499,3.46172379583,2.5592257412,20.770342775,6
677,0.051577295,2.285165155,1.40565109725,0.955515837302,5.622604389,4
670,2.28076199,4.864493241,3.5726276155,1.82697388835,7.145255231,2
671,1.099860916,4.202812535,2.572692698,1.27016485099,10.290770792,4
672,0.414006938,7.800432714,2.87785778729,3.09633379514,20.145004511,7
673,9.665251111,9.665251111,9.665251111,nan,9.665251111,1
263,2.031267477,2.031267477,2.031267477,nan,2.031267477,1
262,0.010431295,2.739600073,1.349243411,1.36531431724,4.047730233,3
261,6.905213215,11.83754828,9.3713807475,3.48768757155,18.742761495,2
260,0.085635852,3.315095319,1.34202146567,1.72990856316,4.026064397,3
267,1.817091309,2.950021842,2.3835565755,0.801102862498,4.767113151,2
266,0.877422514,30.96808034,15.922751427,21.2773081991,31.845502854,2
265,1.898964679,1.898964679,1.898964679,nan,1.898964679,1
264,2.031267498,2.031267498,2.031267498,nan,2.031267498,1
269,0.219117418,9.817590779,4.087400223,4.08466851495,16.349600892,4
268,0.37025524,12.48073699,4.4734622525,5.58679595514,17.89384901,4
701,0.383373605,4.449406352,1.92796761125,1.94076043898,7.711870445,4
59,0.584472483,0.584472483,0.584472483,nan,0.584472483,1
58,0.048640732,0.572607587,0.3106241595,0.370500516287,0.621248319,2
55,0.463677777,0.463677777,0.463677777,nan,0.463677777,1
54,0.414287909,0.414287909,0.414287909,nan,0.414287909,1
57,0.097181073,1.013508869,0.452068026667,0.491846052259,1.35620408,3
56,0.091650275,0.363220098,0.202501183333,0.142487387978,0.60750355,3
51,1.478070761,2.914771592,2.1964211765,1.01590090014,4.392842353,2
50,0.075934341,7.293132968,2.2992082038,2.87412377541,11.496041019,5
53,0.038626999,0.138121167,0.088374083,0.0703530008813,0.176748166,2
52,0.006516694,2.679039397,0.992662003667,1.16311993658,5.955972022,6
537,0.657253989,0.657253989,0.657253989,nan,0.657253989,1
536,0.657253989,0.657253989,0.657253989,nan,0.657253989,1
535,0.00321261,0.630336491,0.17797239675,0.302416851659,0.711889587,4
63,0.099686002,8.305564288,4.34301221487,2.9133501594,65.145183223,15
533,0.467634984,7.331457274,3.899546129,4.85345528612,7.799092258,2
532,0.005409059,4.145728162,1.1101567565,1.67118447639,6.660940539,6
531,0.015702926,0.739304437,0.40772861,0.364274166024,1.63091444,4
530,0.233389027,4.362876704,2.2981328655,2.91998873923,4.596265731,2
539,0.099765634,1.832820844,0.713785773333,0.97064419376,2.14135732,3
538,0.010210496,0.459771844,0.208880849,0.229284971143,0.626642547,3
775,1.421075609,3.379598656,2.4003371325,1.38488492764,4.800674265,2
774,0.034769191,2.771741761,1.48412936525,1.2415739713,11.873034922,8
777,0.178414216,2.470171524,0.79449491225,1.11799929478,3.177979649,4
115,0.154725703,4.010161922,1.608119465,1.48152310925,12.86495572,8
114,0.004789249,5.645952775,1.681833476,2.31438724805,8.40916738,5
117,3.892379381,3.892379381,3.892379381,nan,3.892379381,1
116,0.411144223,5.569868356,2.98696284433,2.5793693683,8.960888533,3
111,0.584472483,0.584472483,0.584472483,nan,0.584472483,1
110,0.584472483,0.584472483,0.584472483,nan,0.584472483,1
113,0.607176217,0.607176217,0.607176217,nan,0.607176217,1
112,0.090877872,0.131319615,0.1110987435,0.0285966307183,0.222197487,2
771,3.988659598,3.988659598,3.988659598,nan,3.988659598,1
119,0.004233226,3.085221524,0.8494183586,1.26529615413,4.247091793,5
118,0.371398646,7.557443654,3.96442115,5.08130115507,7.9288423,2
770,1.416159777,1.416159777,1.416159777,nan,1.416159777,1
773,0.517046432,13.54719044,4.26727681943,4.98423656433,29.870937736,7
772,0.422231335,6.920219953,3.671225644,4.59477181586,7.342451288,2
429,0.267020162,1.236679157,0.595770271,0.555105366746,1.787310813,3
428,0.04566692,2.243018297,0.789470567333,1.25892444782,2.368411702,3
534,0.02044273,2.199753278,1.20538168867,1.10208237344,3.616145066,3
421,1.597111898,1.597111898,1.597111898,nan,1.597111898,1
420,1.714436917,1.714436917,1.714436917,nan,1.714436917,1
423,0.018048624,3.376617239,2.07932950375,1.55010277693,8.317318015,4
422,0.039851529,5.550640481,2.245854418,2.91508011313,6.737563254,3
425,0.03571829,3.304673299,1.161829454,1.50934985434,4.647317816,4
424,0.025378012,6.090035249,3.0577066305,4.28836025785,6.115413261,2
427,0.005739842,2.227886528,0.783830937,1.25184484101,2.351492811,3
426,0.167764711,1.059230636,0.755639257,0.509205816089,2.266917771,3
308,0.321046049,1.241689763,0.781367906,0.650993413226,1.562735812,2
309,0.000148724,2.203060987,1.1016048555,1.55769419953,2.203209711,2
855,0.000984509,1.737941434,0.8694629715,1.2282140203,1.738925943,2
300,1.013505082,1.784717515,1.52286974567,0.441180931069,4.568609237,3
301,2.947811606,2.947811606,2.947811606,nan,2.947811606,1
302,2.947811621,2.947811621,2.947811621,nan,2.947811621,1
303,2.947811606,2.947811606,2.947811606,nan,2.947811606,1
304,0.317260147,2.497952028,1.4076060875,1.54198201673,2.815212175,2
305,0.808974557,1.507559105,1.158266831,0.493973871123,2.316533662,2
306,0.076139682,1.986879838,1.03150976,1.35109732139,2.06301952,2
307,0.056024528,0.947220848,0.484913027,0.446537074057,1.454739081,3
895,0.113847948,10.40362606,2.97257765617,4.00335735708,17.835465937,6
825,0.005128089,2.290217055,1.147672572,1.61580190347,2.295345144,2
824,0.378921253,1.201144746,0.672645897,0.458641541523,2.017937691,3
827,0.681296741,2.190608004,1.4359523725,1.06724422899,2.871904745,2
847,1.41649989,1.620666328,1.518583109,0.144367472801,3.037166218,2
846,0.787014652,1.361994592,1.074504622,0.40657221462,2.149009244,2
845,2.920516422,2.920516422,2.920516422,nan,2.920516422,1
844,0.665101177,5.530457116,2.39062048333,2.72362666824,7.17186145,3
843,0.022425491,1.804974072,0.8592581108,0.734257538406,4.296290554,5
842,0.01370263,8.675036866,2.518776196,3.55752610513,12.59388098,5
841,0.027703832,12.33944537,2.88757237543,4.35298593172,20.213006628,7
840,0.159939297,2.756722752,0.937896904,1.11899304445,4.68948452,5
821,1.864412579,1.864412579,1.864412579,nan,1.864412579,1
853,1.956774373,1.956774373,1.956774373,nan,1.956774373,1
849,0.290288765,1.298706582,0.682283508,0.54037272343,2.046850524,3
820,0.915688457,1.486132643,1.20091055,0.403364952209,2.4018211,2
823,0.176505072,1.421279339,0.919019306,0.656244851233,2.757057918,3
822,0.424022743,5.12449149,2.7742571165,3.32373332576,5.548514233,2
568,0.413208646,20.01641695,10.214812798,13.8615615248,20.429625596,2
569,0.323384033,9.133631126,3.78819888833,3.73660756102,22.72919333,6
751,0.156456612,4.461008059,1.5230616665,1.71394960871,12.184493332,8
750,0.881915375,5.545268795,3.213592085,3.29748882635,6.42718417,2
757,1.813637621,1.961520975,1.887579298,0.104569322438,3.775158596,2
737,0.047523591,0.791180461,0.419352026,0.525844815653,0.838704052,2
755,3.191401435,3.191401435,3.191401435,nan,3.191401435,1
754,0.131441187,3.330577355,1.1719426566,1.24365317327,5.859713283,5
560,9.763558328,9.763558328,9.763558328,nan,9.763558328,1
561,0.061911342,1.726198466,0.971270757667,0.84282250323,2.913812273,3
562,0.1310957,1.132632627,0.517614720667,0.538449495867,1.552844162,3
563,0.367460574,0.759206072,0.563333323,0.277005898135,1.126666646,2
564,0.001529572,1.400801721,0.3843198625,0.679478282293,1.53727945,4
565,0.707719696,3.418119159,1.413504567,1.33668281611,5.654018268,4
566,0.899015146,3.906065528,2.471968061,1.50832643236,7.415904183,3
567,0.493099636,8.584224871,4.76903698,4.06519303797,14.30711094,3
739,0.081112539,4.160715977,0.995560560286,1.47753452302,6.968923922,7
229,1.633638226,1.633638226,1.633638226,nan,1.633638226,1
228,0.039136201,1.158590531,0.598863366,0.791573747972,1.197726732,2
227,1.873220314,1.873220314,1.873220314,nan,1.873220314,1
226,1.998128642,1.998128642,1.998128642,nan,1.998128642,1
225,1.772003747,1.772003747,1.772003747,nan,1.772003747,1
224,2.078922456,2.078922456,2.078922456,nan,2.078922456,1
223,2.078922456,2.078922456,2.078922456,nan,2.078922456,1
222,2.069164808,2.069164808,2.069164808,nan,2.069164808,1
221,5.695e-06,1.91076518,0.7171988714,0.750002048711,3.585994357,5
220,0.019178594,8.087298273,3.547628866,3.4527780531,24.833402062,7
391,0.085372813,0.12348014,0.1044264765,0.0269459493346,0.208852953,2
726,0.094648918,1.107685318,0.672429669667,0.521340331014,2.017289009,3
727,2.856501991,2.856501991,2.856501991,nan,2.856501991,1
724,0.350953774,14.2248288,5.4872033205,6.18655092849,21.948813282,4
390,0.270874968,1.498617721,0.8155586326,0.574253597668,4.077793163,5
722,0.0,27.46638566,6.56839891067,10.5037098437,39.410393464,6
723,16.03924547,16.03924547,16.03924547,nan,16.03924547,1
720,0.555191924,3.627736216,2.09146407,2.17261690437,4.18292814,2
721,0.099573567,6.531944724,2.2943080836,2.48092861625,11.471540418,5
728,0.48784091,8.465331254,3.0771929015,3.63772874011,12.308771606,4
729,0.167861999,2.738025965,1.00931318317,0.922305830173,6.055879099,6
151,0.5376955,1.344949092,0.881401875667,0.416756476576,2.644205627,3
150,0.010682992,0.482156175,0.262525259667,0.237381378769,0.787575779,3
153,0.430461691,1.398848111,1.03776800967,0.529068594028,3.113304029,3
152,0.028660465,1.896146947,0.867718465,0.948036035551,2.603155395,3
155,0.928517663,2.169978302,1.5492479825,0.877845236413,3.098495965,2
154,1.719730469,1.719730469,1.719730469,nan,1.719730469,1
157,8.109e-05,1.369556597,0.863606237,0.551625386815,4.318031185,5
156,0.018269699,4.709237398,2.3637535485,3.31701507029,4.727507097,2
159,0.269838415,6.872233702,3.5710360585,4.66859847951,7.142072117,2
158,0.063946585,6.730186161,1.9027492425,2.58278137069,11.416495455,6
609,0.055891674,6.183296991,2.101745372,3.53473103628,6.305236116,3
608,0.003528448,10.55146112,3.62811426325,4.71048195336,14.512457053,4
634,0.146401725,2.317969045,1.285153486,1.05341779704,6.42576743,5
399,0.040101682,5.484518198,1.28936005071,2.01711294723,9.025520355,7
635,1.036806746,1.162888611,1.0998476785,0.0891533417261,2.199695357,2
749,2.6552485,9.026540897,5.8408946985,4.50518405884,11.681789397,2
398,1.012658287,1.52186035,1.24331574525,0.244863249691,4.973262981,4
48,0.169063924,2.27688679,1.1456683748,0.80784021463,5.728341874,5
49,0.341200029,6.591966576,2.17421556514,2.13802897752,15.219508956,7
46,0.173055391,4.185759032,1.69565458475,1.8207565418,6.782618339,4
47,0.991936679,2.13725933,1.68153088067,0.607421506295,5.044592642,3
44,0.197267957,1.068478982,0.552480252333,0.457319768455,1.657440757,3
45,0.578730699,2.316782902,1.4380648278,0.766002966428,7.190324139,5
42,0.000794726,6.164698401,2.2582342484,2.9251437843,11.291171242,5
43,0.016140188,9.609287934,2.47831917117,3.86954449582,14.869915027,6
40,0.147210157,13.60572418,6.8764671685,9.51660653036,13.752934337,2
41,1.681380566,2.107386108,1.894383337,0.301231407571,3.788766674,2
638,1.581765884,1.581765884,1.581765884,nan,1.581765884,1
5,0.061743419,5.193249819,1.98829632233,2.79442669274,5.964888967,3
639,0.38252215,1.230371836,0.806446993,0.599520262397,1.612893986,2
489,4.198916996,4.198916996,4.198916996,nan,4.198916996,1
488,0.08048388,2.678900018,1.1954688254,1.11187769301,5.977344127,5
487,0.10243506,3.441025628,1.26385872725,1.54359726484,5.055434909,4
486,0.010550583,1.408511668,0.546380693333,0.753941635236,1.63914208,3
485,0.005264507,0.552212195,0.30970557,0.278684138964,0.92911671,3
484,0.657253993,0.657253993,0.657253993,nan,0.657253993,1
483,0.657253986,0.657253986,0.657253986,nan,0.657253986,1
482,0.2699429,2.261819324,1.10981502567,1.03197034455,3.329445077,3
481,0.289712608,5.724995095,1.9644619872,2.18148321874,9.822309936,5
480,0.002750745,1.902915347,0.5317672125,0.81990516267,4.2541377,8
472,2.233158316,2.233158316,2.233158316,nan,2.233158316,1
473,2.233158316,2.233158316,2.233158316,nan,2.233158316,1
470,0.001151748,3.661540233,1.31587726383,1.40537846658,7.895263583,6
471,0.019101392,1.664666055,0.7031944995,0.69062977312,2.812777998,4
476,0.001342217,12.12571129,3.114030368,6.00950924933,12.456121472,4
477,0.123335049,3.904138145,1.59214327,2.02653418742,4.77642981,3
474,0.082992675,2.378848752,1.1190017125,1.03891556605,4.47600685,4
475,1.111992417,7.629514356,3.95580665133,3.33707438266,11.867419954,3
478,0.044497866,2.236731081,0.872779841667,1.190242743,2.618339525,3
479,2.474318572,2.474318572,2.474318572,nan,2.474318572,1
