"V1","V2","V3","V4","V5"
0,0,0.0407123298320548,0.0158565124756954,0.0523289974594629
0.00655651203933907,0.096487490920862,0.092326489154692,0.0815498304464949,0.515626874234463
0.594802597568816,0.220562529248689,0.23311932749037,0.218093627542809,0.0353999976637999
0.00690002804140017,0.2407098032762,0.0648626969188214,0.287804313634129,0.222197786443296
0.391740862350445,0.442240176554249,0.568979156604062,0.396695715900871,0.174446344198978
0,0.0338999707797976,0.0273875989859536,0.0679884806515507,0.0440374258495719
0.00244348002687828,0.142672463699142,0.0499517817982641,0.34112152630374,0.398141313721935
0.378959672168556,0.149004406218361,0.147113259296077,0.295181092512063,0.036216546521095
0.0641999397061993,0.17597048642958,0.112563543052288,0.108826072244217,0.450843979935447
0.554396908098366,0.498452672873119,0.662983816867417,0.18688282828843,0.0707607339719508
0,0.00359999508279989,0,0.0126279224672331,0.0159434265101896
0.0224999794724996,0.394268987068187,0.00719999916559998,0.130408062825098,0.102609714283511
0.236929821975526,0.246609742672024,0.383487195820206,0.526953651497285,0.0431999643823989
0.126182921649841,0.079300389823909,0.0664798885290374,0.0166478456159703,0.522425700717622
0.614387276902133,0.27622088535308,0.542832916485157,0.313362517594413,0.315821194106278
0.0146691145720955,0.00989999235639972,0,0,0.0189208403973377
0.0365759214264609,0.23168471234065,0,0.00822464813981902,0.0297544516248435
0.365270030245531,0.312582735252978,0.483850169160854,0.627193736662293,0.00767107816109264
0.177229187911938,0.103532917727185,0.155699937269699,0.131326001232542,0.383476597053009
0.406255745843974,0.342299642322787,0.360449893569448,0.233255613965345,0.560177032763718
0.00121036804599399,0.00927939938973477,0,0.0027000000405,0.113204448867791
0.0294035541173351,0.216319456085417,0.0263359636847351,0.0540855058112826,0.199799222591367
0.28738184892051,0.444261016658963,0.267215588947605,0.823226140348392,0.0180647297767834
0.191982550295337,0.0611381875678039,0.184566794798737,0.0987512914812694,0.205669171843774
0.490021678620824,0.269001940298081,0.521881652568923,0.0212370623185559,0.463262426920284
0,0,0,0.000620780019244181,0.167082466698267
0.0446830331617589,0.0837499409212493,0.0442260424152334,0.035896937112805,0.326036437778769
0.221324804754445,0.785347151638819,0.389776826472858,0.365817030340328,0.227248647270897
0.259371055743647,0,0.183095801859066,0.228793965092613,0.144786501003774
0.474621106340149,0.130902907439932,0.382901329252843,0.36887128743501,0.134845947248292
0,0,0,0.0483630523370506,0.0529738707016674
0.013455433309475,3.2377000194262e-05,0.124640945368178,0.172303074888912,0.237039425089011
0.324225404457184,0.95152174670913,0.517879863839717,0.33786941431299,0.0627890542022418
0.254634860856602,0,0.0824736425669992,0.0414986838634092,0.473227468134601
0.407684301376739,0.0484458762906753,0.275005548225105,0.399965774597638,0.173970181872479
0,0,0,0.0452160937581817,0.0215813981869769
0,0.0121744111339185,0.0736927350633966,0.138089707423472,0.347168271094255
0.47117089774981,0.807516424882681,0.65792248842183,0.136465299324383,0.316804462424245
0.163289367730451,0,0.00610530917094866,0.438624160756074,0.105990644829485
0.365539734519739,0.180309163983401,0.262279467343825,0.241604738737889,0.208455223465037
0,0.00218559905682558,0.0181918767094832,0,0.000899996027899877
0.0615813201084638,0.0411379950695879,0.0748397909187519,0.0170999943248999,0.0429764063322686
0.650995103717912,0.388310831096082,0.358532643982773,0.145288029760473,0.322709105003982
0.0687431812373773,0.130502390393062,0.0799653961186504,0.525337793981418,0.398602193356668
0.218680394936247,0.437863184384443,0.468470292270341,0.312274181933209,0.234812299279181
0.00179999806839993,0.00840000120160003,0.00314946911967983,0,0.00179999804139995
0.0811068390820599,0.0397287589534902,0.13339788706912,0.107399900544197,0.0152466463506729
0.569842242654005,0.580151412923634,0.405325297402361,0.293884052698174,0.707731350277821
0.0818399361099176,0.0486037781664907,0.057517237185655,0.183474423054656,0.196776021525848
0.265410984085617,0.323116048754785,0.400610109223184,0.415241623702974,0.0784459838042576
0,0.00201438506043155,0,0,0.00270000016470001
0.0815568353651482,0.0904300397129012,0.0195006522925098,0.077730061487362,0.104870450397097
0.604626495534168,0.564969925949098,0.666888291003324,0.330186696565974,0.459926334055506
0.151865686404105,0.14165834724975,0.0894838523422578,0.213350446827214,0.153867458385915
0.161950982696578,0.200927302027819,0.224127204361908,0.378732795119449,0.278635756996781
0,0.0109506834927808,0,0,0.00218564110053949
0.0254383626105207,0.0732031702941427,0.00032068300962049,0.169513882289097,0.051939000389194
0.334764449034347,0.535002026075091,0.0202994726089842,0.17639324858491,0.354134691290196
0.350937746422506,0.0638279018722556,0.256841972705259,0.31486488753919,0.383239390629012
0.288859441932627,0.31701621826573,0.722537871676136,0.339227981586803,0.208501276591059
0.0090446372170713,0.0697698668838907,0.0107999874103995,0,0.00141435903818769
0.806398514353564,0.270055134903859,0.260867442912963,0.0575999621519992,0.316420548543355
0.0138050993313224,0.340348333824383,0.21079104701006,0.54714699194294,0.103651723798597
0.0852825450467811,0.0506996105489727,0.14785656761855,0.142331365846627,0.233184757295988
0.0854692040512609,0.269127053838894,0.369684955048028,0.252921680058434,0.345328611323872
0.00201434307251635,0.0378856196290816,0.0319919872796795,0,0
0.0933236603596518,0.0571062264555677,0.464068797562752,0.0302792696661439,0.12076054834738
0.35875472491517,0.660333421394337,0.217991383719655,0.4931227098487,0.232604240373753
0.188113773772096,0.0653577098103815,0.195474875818995,0.240106787282349,0.372167712398038
0.357793497880566,0.179317022710632,0.0904729556189182,0.236491233202807,0.27446749888083
0.00179999804499995,0.0229731272756775,0.00162865704071643,0,0
0.114599681864992,0.0174874632098496,0.0603064825076621,0.0707168925557716,0.231194914091822
0.593804581845115,0.814893022778716,0.623077946576949,0.0503702361081452,0.209093173318261
0.0900605802515145,0.0303427043641125,0.0446904351172609,0.262755789780627,0.161271287644495
0.199735157993379,0.114303682371644,0.270296478757412,0.616157081555456,0.398440624945422
0,0,0,0.000900001031500036,0
0.0467555420286219,0,0.0699487465388724,0.065827198303952,0.386728539535499
0.619773577635019,0.686508307416674,0.361157042945455,0.306378492723247,0.277246525703628
0.171771121778965,0.159896600357829,0.0367758868090695,0.0799756177991466,0.0878989930764648
0.161699758557395,0.153595092225497,0.532118323706603,0.546918690142154,0.248125941684408
0.00179999705759991,0,0,0,0
0.0240746447703886,0.01422550228451,0.0354665565674649,0.0435856812639848,0.069985677379513
0.585205384726572,0.874964757499295,0.283044436528711,0.142127804121706,0.537580761277746
0.137487656399605,0.0357428867148577,0.140699784251197,0.395943327482356,0.050611705720798
0.251432317045834,0.0750668535013371,0.540789222652628,0.418343187131952,0.341821855621943
0.0155589676534766,0,0,0.000900001024300028,0.000771434030085927
0.276695170621197,0.209651396402679,0.116855168752828,0.050614260366585,0.0520285510291135
0.566071419775,0.624363032111624,0.252315281784729,0.0764360840637743,0.0767482069931801
0.00115899904867796,0.00899997718899952,0.256034511840518,0.497232900425288,0.345795918486041
0.140515442901649,0.156985594296697,0.374795037621926,0.374816754120052,0.52465588946158
0.0074795191944675,0.00090000101800002,0,0.0146999736761988,0.0415493876204261
0.250499866512997,0.314624866292497,0,0.150042840901971,0.44163666422383
0.367993687567836,0.510399336207987,0.129312178068995,0.136531321280441,0.00915950035722051
0.117220110047723,0.00685881913717638,0.445230850123694,0.455827406968061,0.271833720601515
0.256806816676977,0.16721697734434,0.425456971807312,0.242898457173329,0.235820727197008
0.0635144136676054,0,0,0,0
0.115227669839562,0.119303893550951,0.0417206567509718,0.379293129758087,0.54264997813975
0.0272930581463084,0.526361823842704,0.521910628394391,0.119501516704547,0.36832067052481
0.618071713959012,0.0540205327022669,0.0273827154928889,0.122278300790627,0.0543615248154229
0.175893144387512,0.300313749904079,0.408985999361748,0.378927052746739,0.0346678265200174
0.0520264910290332,0,0.00269999412689972,0.00731978525619248,0
0.135609125288756,0.00685008602055026,0.123835448820266,0.397712056919922,0.00700894323830407
0.139827862453287,0.964569309893708,0.448340583072007,0.395995353859837,0.363445183357136
0.405421698811446,0.0126205920378618,0.0984933026291852,0.153480520371818,0.188725390416663
0.267114822417478,0.01596001204788,0.326630671351642,0.0454922835922299,0.440820482987896
0.000899996033299853,0,0.00236504208750656,0.00288022905184412,0.00269999506749988
0.125150762630578,0.00208813602505763,0.172585215385653,0.210795703794323,0.0190308334757708
0.060363298233442,0.70048579840583,0.565164969911104,0.425839316665108,0.319543010988575
0.506447198738546,0.0342685584112227,0.0516417219107437,0.155088017791584,0.294217676355442
0.307138744364134,0.26315750715789,0.208243050704993,0.205396732697141,0.364508484112712
0,0,0.00187632903189759,0.0782950263845215,0.0166506926327263
0.174867439371686,0,0.102061981735054,0.192278171767578,0.10892553313917
0.0698568987464225,0.669589556078918,0.725101039326718,0.224142517551981,0.159708055068906
0.514880371872009,0.0482842783036755,0.0232235443948003,0.267992668007589,0.487195683513436
0.240395290009882,0.282126165617406,0.147737105511531,0.237291616288331,0.227520035645761
0.00437158112240427,0,0,0.049071030570273,0.00704929220442947
0.0856654133986316,0,0.0043302370346419,0.575921724429495,0.0307549798918944
0.330313366248774,0.890085076241361,0.216003288728026,0.0438469524031025,0.375060177876745
0.154954975338739,0.0276937324430997,0.219857653758861,0.141174280517577,0.442280914826147
0.424694663891451,0.0822211913155391,0.559808820478471,0.189986012079552,0.144854635200784
0.00102841102673869,0,0.00809998923489969,0.00179999305939977,0
0.040609383055844,0.00317160503488766,0.130207327776013,0.0744334164563027,0.0430016635050582
0.233279322065262,0.618048241798531,0.100517243915,0.135084322457783,0.124326391351424
0.233045992059196,0.210889883319789,0.124651549614895,0.386506823754725,0.480131032804586
0.492036891792959,0.167890269846793,0.636523889459193,0.40217544427179,0.352540912338932
0.0107999893995996,0,0.00899999126999974,0.0027000000621,0.00449998618899942
0.213653730905188,0.0301524212362493,0.0404555282136658,0.109591963520615,0.0531049812304092
0.185261445854673,0.278216785406888,0.337574509127235,0.573531210191218,0.122114870128825
0.228418424451482,0.281721777550593,0.0535490416064712,0.15882392765295,0.100349405214675
0.361866409389057,0.40990901580627,0.559420929782628,0.155352898573117,0.719930757237092
0,0.0365038609347046,0.033279271231333,0,0
0.0494975908909566,0.197167491449877,0.121520677496265,0,0.0228208615705215
0.631232343362182,0.152764775096533,0.106143899927324,0.819691654033216,0.343178508579463
0.0399552477191945,0.310333540447678,0.145861148396862,0.0870904429159897,0.460026663500667
0.279314818027667,0.303230332071208,0.593195002948215,0.0932179030507939,0.173973966349349
0,0.0503587597265482,0,0.0206622819917895,0
0.0539364376472373,0.284877314080921,0.000579313006372443,0.149093899156507,0
0.794286766531441,0.158034989694589,0.0147413891621553,0.442483827239224,0.335782795708308
0.0112915681354988,0.138084789218274,0.291813703209951,0.178568947571309,0.484757793240883
0.140485227685823,0.368644147279667,0.692865594621522,0.20919104404117,0.17945941105081
0,0.000899996026999881,0,0.0518526850741074,0.00392087318820191
0,0.305009235150277,0.0634783041582623,0.462575618503025,0.0314373695089937
0.540405632702028,0.0887740586632218,0.116456547959523,0.216377451655098,0.366279756581428
0.00359767101798836,0.163515262905458,0.161582852493817,0.166333925653357,0.315044401122131
0.455996696279984,0.441801447254043,0.658482295388398,0.102860319114413,0.283317599599245
0.000899996017099924,0.00269998805939974,0,0.0701999828251996,0.0150646624971339
0.137922965620536,0.554491190198806,0.00228375204339129,0.453395688788288,0.00449999214849974
0.255217229849127,0.0439336069665394,0.789575056001926,0.0144348423753059,0.0779736035731289
0.0665574292645912,0.141098991104178,0.0475062499026188,0.183598878773571,0.221646490314334
0.539402379248645,0.257776223671077,0.160634942052064,0.278370607237636,0.680815251466903
0,0.00719999130959963,0,0.00880573025536618,0.143253966598016
0.0806616227424952,0.254333059936322,0.0360950996858069,0.0274915297972544,0.333543911347442
0.290251438868549,0.371880915990879,0.250291729755543,0.272073147890121,0.136015636113048
0.112541416826408,0.0624999196874965,0.143865175733438,0.474833005770157,0.26637581784718
0.516545521562548,0.304086113075703,0.569747994825212,0.216796586287101,0.120810668094315
0,0.00359999510079986,0,0.00207922009148568,0.587163220652138
0,0.0595633246677731,0.0908876342721909,0.135135336945955,0.19716361870218
0.328766787945201,0.649322746181037,0.189703422742586,0.521949600965782,0.0545775407306418
0.213994815567938,0.0246824256911079,0.159842973996074,0.231133245169863,0.0914710416044594
0.457238396486861,0.262831508359282,0.559565968989149,0.109702596826914,0.0696245783105807
0,0,0,0.0291207752813141,0.164182811269001
0.00145897002626146,0.118382982841192,0.142893003000502,0.258771325385938,0.288105008793766
0.216943085904976,0.601470894435302,0.0510988727153842,0.407334237922706,0.0816223935908826
0.304237328476272,0.0318205747636938,0.290891552072482,0.0541929143844882,0.20788097133293
0.477360615592491,0.248325547959813,0.515116572211632,0.250580747025553,0.25820881501342
0,0.00334121808353045,0,0,0.0567280099709607
0.0134999852834997,0.0871648361791209,0.0783206191328248,0.168934946209764,0.217052962193707
0.223125164685628,0.620066577501664,0.242857046714282,0.326667226206677,0.151604057612284
0.278605029850706,0.052775361319384,0.151128608045144,0.202466583846865,0.216748313172382
0.484769820180166,0.2366520069163,0.527693726107749,0.301931243736694,0.357866657050666
0,0.034520574380823,0.0365792742436953,0,0.0295385743292358
0.0350258765253881,0.185966339438654,0.188460211407647,0.0592568205480433,0.0757339164080262
0.612748081191221,0.369407776776311,0.156450546319319,0.163111583013798,0.175650497904272
0.0204922363073835,0.134726017389041,0.123543609200483,0.400746841232114,0.376540161944307
0.331733805976007,0.275379292015172,0.494966358828856,0.376884755206044,0.342536849414158
0.00989999145539961,0.0021206180699804,0.00777929924893758,0.00089999603869983,0.0982781976190753
0.431500255849012,0.0980532002357556,0.22841188130918,0.0501974911584921,0.572010743884505
0.332558507297691,0.272690126998774,0.535728147143301,0.0821104935307512,0.0541769505463167
0.0326897995037308,0.223529656376479,0.0579417638541364,0.461757029855552,0.196308923226519
0.193351445894167,0.403606398319011,0.170138908444445,0.405034989416505,0.0792251847235837
0,0,0,0.00179999810259989,0.00791956339597817
0.123544019717968,0.075168731954387,0.00128628602058058,0.278277745861832,0.101187645059382
0.685823687088121,0.14551729478345,0.327922016246752,0.165234833418386,0.36079219803961
0.0249615755491547,0.172850028494101,0.114796020836736,0.274421256642012,0.246253092312655
0.165670717644756,0.606463944768063,0.555995676895931,0.280266165975171,0.283847501192375
0,0.0531631439771361,0.000899996026999881,0,0
0.139169343783387,0.306948052189091,0.190903055727092,0.278562546571251,0.01508916536214
0.477979959559599,0.173728704728807,0.136146107084383,0.0982454279649086,0.191164004587936
0.121441589428832,0.0967988634207363,0.17160567914817,0.321556257431125,0.438099604514391
0.261409107228182,0.369361235684229,0.500445162013355,0.301635768032715,0.355647225535533
0,0.0253955920666149,0,0,0
0.136231879542029,0.128521744397913,0.216178493917712,0.0134999753374994,0.00366263308424056
0.216595413631481,0.292388682280325,0.234637455508399,0.281582049039551,0.342232063871337
0.384868108006571,0.107053702496256,0.0386586222370759,0.152239503805988,0.474711862918373
0.26230459881992,0.446640278758892,0.510525428336814,0.552678471816962,0.179393440126049
0,0,0.0267413775242585,0,0.000900001028800033
0.386251013201279,0.0610833928551675,0.295158445824031,0.129560881923313,0.0466513794928441
0.340592519877183,0.798275127175852,0.189373130794268,0.586505186287197,0.346479488087344
0.0891880955864548,0.00383497305368962,0.140070455984016,0.0294005391172205,0.354864824355674
0.183968371335083,0.136806506915291,0.348656589873426,0.254533392672269,0.251104307035338
0,0,0.00179999706839989,0.00038568001195608,0
0.0230573106456047,0,0.112284425266808,0.0971142530105418,0.10652077676954
0.547847558339732,0.9116777382051,0.298671221349506,0.558658545318415,0.570304578827919
0.187682727255116,0.00522865904705793,0.171156510503947,0.0571705537722872,0.0839978171839433
0.241412403759547,0.0830936027478424,0.416087845811338,0.2866709678868,0.239176827218598
0.00360000110440003,0,0.00179999806119993,0.000514316015429481,0
0.192891220593845,0.00364277004735601,0.0471370916026611,0.0370298051108942,0.494410156360254
0.517484701007056,0.689579267964531,0.416712880168238,0.446046638381399,0.210307734257693
0.0283064028208857,0.105217514367828,0.145542820948456,0.137562449126873,0.0937899263447482
0.257717674473813,0.201560447620286,0.388807209219445,0.378846791365404,0.201492183037305
0.0161999814535995,0,0,0,0
0.193378184414589,0.188099594207287,0,0.00402860807251495,0.0299999769299993
0.649365452182233,0.54330818792917,0.646481650818335,0.239067682303218,0.456237523143363
0.0167365794686242,0.0825411557238581,0.0440999623968997,0.254658478583853,0.312716323694206
0.124319802480954,0.186051062139685,0.309418386784765,0.502245231040414,0.201046176232431
0,0,0,0,0.00302087108156352
0.0567351793049091,0.0570292153421753,0,0.00130649903658197,0.0358043949667187
0.459099185559281,0.885531501313189,0.734417266875338,0.134528826766807,0.178966861832105
0.215968456967275,0.0170999781025999,0.00719998905759991,0.168972761731237,0.533752723411324
0.268197178168535,0.0403393052420358,0.258382744067062,0.695191912465374,0.248455148708289
0.00325897108147428,0,0,0.00387921219396061,0.00945058838747412
0.11456439086411,0.103611233072225,0,0.113355779667789,0.185835775619267
0.706524270663107,0.714877204297544,0.599578041993671,0.147472574373629,0.127604276231775
0.0105410662635267,0,0.0799477711992166,0.394398667719933,0.430132616635437
0.165111301127783,0.181511562630231,0.320474186807113,0.340893766044688,0.246976743126046
0.00449998120699913,0,0.00539999319979975,0.0252857390114296,0.0013285280757261
0.0983589525245118,0.134452695882338,0.0491146518172421,0.592066417682657,0.048491807764033
0.488777872483782,0.628276775795875,0.455424432850704,0.0231649999266,0.363450655716687
0.15363435006718,0.0218671703061404,0.159035445884311,0.257479070299163,0.213031108142773
0.254728843717527,0.215403358015647,0.331025476247943,0.102003773080151,0.37369790030078
0.00145897504522823,0,0.00899998843199945,0.0107142434607125,0
0.0991086180723672,0.0313284631879708,0.147939507101096,0.175459680544766,0.0478284949131398
0.425405527187571,0.871865864231195,0.388299644638383,0.217945249371646,0.268993035759721
0.227905581065073,0.00483284502899707,0.0757864836377512,0.503587354654256,0.323217578928703
0.24612129862976,0.091972827551837,0.37897437619077,0.0922934719686193,0.359960890398436
0.0411857205238717,0,0.0215064810538176,0.0189808168351559,0.0143999857775992
0.226001235362046,0,0.201221515859854,0.169990438479579,0.0531857358720297
0.297956155024378,0.825413221127066,0.187826154203482,0.145329104394481,0.306968732576312
0.340809921609967,0,0.348276263065537,0.399177671563818,0.213725780541192
0.0940469674797378,0.174586778872934,0.24116958581731,0.266521968726967,0.411719765232867
0.0633857017889709,0,0.00215212401721699,0.210435940255747,0.00719998626639949
0.233103370256548,3.0557000641697e-05,0.0536172114289377,0.275709449608175,0.0727283946909506
0.0302216573297529,0.561130304783736,0.918598297348786,0.168427774811078,0.234633088681424
0.477271549999948,0.0161999753401995,0.0124504470996036,0.18433060411511,0.40922675614139
0.19601772062478,0.422639162875422,0.0131819201054554,0.161096231209891,0.276211774219836
0.00258999811913991,0,0,0.00179999205939974,0.0197791070680718
0.285883720150651,0.00961066716338134,0,0.261370944625241,0.0657834525523064
0.246119462321495,0.737892527544173,0.892645724141166,0.356437821762448,0.339002694306145
0.171252640877622,0.0534447329085605,0.064801129518409,0.135723093478862,0.351656032989426
0.294154178531092,0.199052072383885,0.0425531463404252,0.244668148074049,0.223778713084051
0,0,0,0,0.0062999892330996
0.0197999796335993,0,0,0.118465477961637,0.0336481752449825
0.225688896222045,0.646474344757692,0.399702710197622,0.575610965390274,0.276952724247251
0.213669541837425,0.0671345948056151,0.275547782204382,0.0753415448835386,0.215762089983197
0.540841582306931,0.286391060436693,0.324749507597996,0.23058201176455,0.46733702129147
0.0136063254898277,0,0,0,0
0.09012111224436,0.0134999903239998,0.05977559849439,0.135466370522126,0.00891005818711122
0.102454361688357,0.203396340881512,0.0887457632186441,0.180323723688417,0.560104474762194
0.445473308037039,0.270602683494464,0.282681023067026,0.35131575513421,0.0533357691200511
0.348344892540416,0.512500985300024,0.56879761521994,0.332894150655248,0.377649697930644
0,0.00232511404417717,0.0326792634378876,0.00449999620249983,0
0.043844420833044,0.792723568061748,0.0590804805995411,0.12709177371913,0.0704289497813139
0.636767537098583,0.000620628011791932,0.41212817513364,0.451327729309748,0.0168626682344708
0.0415203877888874,0.141255004683845,0.136310364997656,0.150950832792787,0.458224465878503
0.277867654279485,0.063075685198438,0.359801715831276,0.266129667975835,0.454483916105713
0,0.00179999805039995,0.0216206928648277,0.00537921231199431,0
0.0248144755459185,0.112818702158924,0.0829490573179623,0.10708379921086,0.000620890020489371
0.280507413171163,0.0572690536035335,0.42047024281881,0.210776867225058,0.540667811842038
0.163371911594182,0.115784675241971,0.0820358142814326,0.373935914688283,0.135404864468361
0.531306199688736,0.712327570945172,0.392924192716968,0.302824206563804,0.323306433669112
0,0,0,0.00267920307233848,0.00147912005324832
0,0.0144649062459034,0.0326492765550377,0.0408893301040119,0.140853863070739
0.461585824693302,0.509572531662733,0.221572410766731,0.432908926688541,0.202561801292225
0.0795444986704345,0.043887765746092,0.0693327611786569,0.144807075909791,0.391496348093869
0.458869676636263,0.432074796345272,0.676445551499574,0.378715464225318,0.263608867489919
0.0170999945813998,0,0,0,0
0.143490189878666,0.0754041119605069,0.0785030131775452,0.700065509200393,0.193851031366339
0.284855804685097,0.108532949821857,0.0458793076881896,0.0201923051211538,0.11531158638184
0.258383264785031,0.252714980570589,0.127213085908196,0.268301101609807,0.47170158092466
0.296170746069805,0.563347957647047,0.748404593226069,0.0114410840686465,0.21913580132716
0,0.00719999225199973,0,0.068594205989232,0.156327289255565
0.128145421331781,0.554610021411351,0.104553661672859,0.648602927809485,0.297208603399019
0.388259277094741,0.0180149896305246,0.0251999854031998,0.125018346625532,0.0993576151537483
0.109933398858268,0.135238507733348,0.229097821665565,0.137084537975452,0.411490029627282
0.373661902715209,0.284936488972777,0.641148531258376,0.0206999816002995,0.0356164625643853
0,0.00179999705219991,0.00269999308909977,0.0860103305906715,0.389788573419703
0.0512999649746993,0.386148213198298,0.345360545396898,0.528490367351874,0.349143622517788
0.417468567931903,0.0291917788465616,0.235757442779996,0.163703123640703,0.0740790661115903
0.189080700592533,0.222876187463409,0.214822346089137,0.116228654554863,0.120760037592964
0.342150766500865,0.359983823439531,0.201359672644869,0.105567523861889,0.0662287003579552
0,0.041656658832893,0.00539999224299965,0.0317161255540901,0.178758139010456
0,0.341071743007157,0.199596641981849,0.264549111962906,0.281800335780819
0.306345102126902,0.061636182711992,0.286944132912486,0.183238495978686,0.123705455927506
0.305300816106016,0.180191632928432,0.110620180977908,0.308457840114434,0.229894915874115
0.388354081767082,0.375443782519526,0.397439051884757,0.212038426389883,0.185841153407105
0,0.0380587642178805,0.00090000102610003,0.000899996022499901,0.0756362040087188
0.0143999882015998,0.695388039252417,0.0914759716528032,0.226356743658919,0.278431582756874
0.116549187631689,0.0292153849348923,0.312661970067197,0.289184887229622,0.16174471057247
0.289954012059356,0.115822578706323,0.0752192171813573,0.256310200407755,0.343185418188827
0.579096812107355,0.121515232888487,0.519742840072542,0.227248172681204,0.14100208447311
0,0.0147225955594586,0.0305999879485996,0.0018000020900001,0.083075672319935
0.192434177350328,0.460891105513862,0.159695398950557,0.0580854929042747,0.309290428083102
0.551184697189095,0.247581195408085,0.0483431524986377,0.290860254543013,0.0803367711775121
0.0592213409543043,0.0763245049003312,0.136777987240118,0.172923170646159,0.176656103186117
0.197159784506273,0.200480598618263,0.624583473362088,0.476331079816554,0.350641025233333
0.00698560414669769,0.0194793738765718,0,0,0.108903880009578
0.956800282092806,0.0764833854417523,0.173016141190484,0.141822335232939,0.650113676905229
0.00921791119357613,0.261713402777103,0.408672600260178,0.291610453872133,0.0952054813794521
0.0207372694354827,0.222011225990505,0.0720379641611389,0.251942476849066,0.110848926099051
0.0062589331314376,0.420312611914068,0.346273294388199,0.314624734045861,0.0349280356066896
0.0774410241111076,0.0378855748185076,0,0.000900001023400027,0.0005667080141677
0.509080095599286,0.184024036833154,0.0701574601748813,0.420589485935327,0.0270201946755049
0.00807946653324479,0.0373649557935179,0.60797386784719,0.206786600376452,0.364623446115586
0.302961307995446,0.313879932066237,0.176092208458858,0.119834048115685,0.492912462322812
0.102438105760915,0.426845500488584,0.14577646351907,0.251889864549137,0.11487718887193
0.0143143525439454,0.035593708708498,0,0.002700000081,0
0.212379033070403,0.171121326213824,0.0571947914870646,0.0568703207061096,0
0.0484026348393001,0.1274395901171,0.768061857969608,0.273969777219093,0.219492687145795
0.452769822205253,0.119956137757895,0.0346254269002611,0.227084845812545,0.458506955838195
0.272134157341098,0.545889237202683,0.140117923643066,0.439375056181252,0.32200035701601
0.00269999907019998,0.00947129633149537,0.00089999601799992,0,0
0.112893728935237,0.33560999674635,0.390913635818273,0,0.0689581779652017
0.0523543003612118,0.0331635031607226,0.379306084586122,0.397546233336202,0.231595644958613
0.512897913335346,0.210278881359761,0.026357399527148,0.333166022662317,0.452707387466418
0.319154058298006,0.411476322401671,0.202522884050458,0.269287744001481,0.246738789609768
0.0206999863040991,0.00042869000985987,0.0378649331204362,0,0
0.414898119138582,0.105759758432474,0.276006919456388,0.00906240309968643,0.0650999637341985
0.0512999952318997,0.130667565005354,0.354537072854076,0.375240168127642,0.340536966302553
0.162164277216349,0.20672087375458,0.0540633970275502,0.159306705752374,0.270657112367599
0.35093762210907,0.556423112797732,0.27752767754155,0.456390723020298,0.32370595759565
0,0.00179999304859981,0.00441431318098684,0,0
0.0513432870023882,0.0274649847415546,0.075252609085357,0,0
0.136481307322771,0.378790151227334,0.21100073965103,0.4320312409125,0.487217630616529
0.308857147045429,0.171970435643202,0.158574210501543,0.234795678756731,0.321222353636671
0.503318258629412,0.41997443533931,0.550758127581083,0.333173080330769,0.1915600157468
0.00179999206479971,0,0,0,0
0.102093985675383,0,0.175957514991278,0,0.360852677908138
0.0494195737791047,0.415437960477883,0.49010471033178,0.294064161058449,0.22562544844564
0.4333416606003,0.208500378753007,0.032524471552916,0.290588258034118,0.217750270185759
0.413344787880412,0.37606166076911,0.301413303124026,0.415347580907433,0.195771603460463
0,0,0,0,0
0.100350814007016,0.0215587682371465,0.192324326461838,0,0.0653769666150787
0.354766721095334,0.697939842677338,0.574577362342392,0.116560917214657,0.328971888158876
0.143891951877839,0.0909381030003191,0.0567856730221421,0.343790159532013,0.276562822062513
0.40099051301981,0.189563286085196,0.176312638173627,0.53964892325333,0.329088323163533
0.00179999804499995,0,0,0,0.0317999730175991
0.12840520121013,0.00719999807919998,0.109671351961127,0.0404142955761575,0.116358163723461
0.0774315459357887,0.885694921742644,0.274548189412801,0.0147946205769902,0.0694329152218533
0.281604269040107,0.0526475855791234,0.221268458974248,0.396383986458975,0.528910111925124
0.510758985768975,0.0544574945990324,0.394511999651824,0.548407097387877,0.253498836111963
0,0,0,0.00269999009989963,0
0.049073151619414,0,0.034370027271691,0.147921978473113,0.0187747206758899
0.453830378976402,0.770874711312624,0.236444155748434,0.299479261080733,0.0663880293899691
0.254593161401574,0.133171247399514,0.208219351704116,0.069195999560252,0.513453122484312
0.242503308002609,0.0959540412878621,0.520966465275759,0.480702770786002,0.401384127449829
0,0,0.0143999958495998,0,0.00539998925919948
0.00996885829906575,0,0.143314191455537,0.0443061820190422,0.0245999831807992
0.628456638853699,0.842262577580363,0.260000425340025,0.158819656652852,0.495123453765926
0.182977251489318,0.113529622021767,0.165989972793408,0.327281202527468,0.173711114338133
0.178597251357918,0.0442078003978702,0.416295414561429,0.469592958800638,0.301165459455942
0,0,0.00180000205940007,0.0079714961992874,0
0.0437999669197993,0,0.0243456718034072,0.10773121669328,0
0.774118628256491,0.934782197934782,0.508467974779443,0.0818070450451761,0.268692583761696
0.0161999923401998,0.00273207400273207,0.170641386631166,0.538478652461966,0.276283803867973
0.16588141248351,0.0624857280624857,0.294744964726584,0.26401158960029,0.455023612370331
0.000900001021600024,0,0.023441409429926,0.214180043348584,0
0.0294857797076587,0.0168206100336412,0.15916148370885,0.342458685739154,0.0314132722565309
0.77364043156737,0.945318962890638,0.235736753379942,0.0874838680861933,0.260328693413148
0.0470658591295806,0,0.288594726604278,0.166123036455966,0.275496852019874
0.14890792857379,0.0378604270757209,0.293065626877003,0.189754366370104,0.432761182310447
0,0,4.1424001077024e-05,0.0974537544828727,0
0.0379712091011651,0.0132556881590683,0.052628383368338,0.212022588753039,0.0553493035497805
0.318136046225945,0.821825351861904,0.615693427008029,0.0601265397658208,0.404645754330081
0.185126184368659,0.00782061509384738,0.201269859233016,0.415210927099703,0.375326678509147
0.45876656030423,0.15709834488518,0.13036690638954,0.215186189898565,0.164678263610991
0.0727099460538177,0,0,0.0342400497120025,0.00398579817537512
0.245215611299056,0.0185030563515581,0,0.116091149804557,0.094203364144948
0.0231495189722798,0.758201273405824,0.72523164705417,0.261435568071778,0.176402129761694
0.246258462342855,0.0190205033613896,0.0413731767447172,0.305395672269784,0.510951567481869
0.412666461331991,0.204275166881228,0.233395176201113,0.282837560141878,0.214457140436114
0.0335053561056768,0,0,0.00719999319439982,0.0248141959181253
0.174848533770002,0,0.0108206973354416,0.087579149364637,0.0698338965838542
0.0176469855823505,0.778754375566298,0.47460934471289,0.545159744719313,0.361750656384774
0.665375564957394,0.0682175847503934,0.111127200444943,0.239107058455891,0.161676164982018
0.108623559584577,0.153028039683308,0.403442757506725,0.120954054265759,0.381925086131228
0.103328296889713,0,0,0,0.00090000102610003
0.295840465862907,0,0.534203983876244,0.0767105558355278,0.0299342728680939
0.0495861448264103,0.353494131897836,0.429162501720788,0.473089089654455,0.251592437296181
0.43132719758565,0.354253963919111,0.0218597382404571,0.206726058336303,0.112346918258061
0.11991789483532,0.292251904183053,0.0147737761625115,0.243474296173715,0.605226370551565
0,0,0,0.00359999116919958,0.0122303659287367
0.00719998819439968,0.0732039321477691,0.0110985291442809,0.0516416104271557,0.0342222630826619
0.271874565340613,0.207749502933229,0.611826380953743,0.329236234474103,0.0227643773512904
0.199292827380906,0.294302280654998,0.214113305783473,0.302005837194274,0.235343239292867
0.521632619084081,0.424744284264004,0.162961784118503,0.313516326735267,0.695439754344444
0,0,0.0362999715971987,0.00719999743919984,0.00492898215772743
0.0416780448752389,0.0263999884751998,0.257670768337514,0.152999921332995,0.234706378510604
0.234944579933836,0.281781217072062,0.30819885856075,0.212870871985123,0.161136778156377
0.213620239486025,0.108130397946347,0.0184275748108133,0.247416284092393,0.195452257254472
0.5097571357049,0.583688396506391,0.379402826693724,0.379512925150288,0.403775603920819
0.00758551318205232,0,0,0,0.0102855225759893
0.200825776819819,0,0.0282207325361939,0.100887254127505,0.243548684638726
0.537032738888786,0.314639823775678,0.467220272877185,0.39896291436785,0.429318798041853
0.0316074207585781,0.0175968652111624,0.181163859442113,0.233173845228389,0.21452446601337
0.222948550350765,0.66776331101316,0.323395135144508,0.266975986276256,0.102322528730062
0.020314447771949,0,0,0.00539999508099993,0.0691710565277239
0.0611247553227407,0.0123855242477105,0.0269999788909993,0.174208611613129,0.203963763402152
0.133471117071902,0.427938705558774,0.193456471384064,0.061072402916086,0.25242765187381
0.259329694854528,0.0501854850037097,0.302141796970679,0.550027748250416,0.389129151845587
0.525759984978879,0.509490285189806,0.477401752754258,0.209291242139369,0.0853083763507272
0,0.00269999412149974,0,0.0197999918117997,0.0384490037302052
0.0125999892267998,0.0988325504474648,0.134418744688375,0.524568812507321,0.0405282858237729
0.327561287896103,0.195253458786406,0.21211599324232,0.116795963788635,0.319586509381393
0.14412669359428,0.167447062535118,0.187842169756843,0.229041011390681,0.399796025990821
0.515712029282817,0.535766934109512,0.465623092312462,0.109794220501563,0.201640175073808
0,0,0.00269999915659995,0.126837513639651,0.0178481090530384
0,0.0158993343497854,0.165882730621198,0.221006672796507,0.287534539964538
0.538549438001143,0.114627361521802,0.225364092071117,0.21426105828384,0.0983182928007793
0.0622249928089249,0.154647594402247,0.199693402582217,0.14540947605112,0.252172334878168
0.399225569189932,0.714825709726166,0.406359775568867,0.292485279228881,0.344126723303477
0,0,0.00608557626167978,0.00360000415480018,0.00664379123253269
0.00809999511339993,0.0243694938529323,0.179879735734829,0.0801407594460527,0.0822940648802923
0.468757067562599,0.0290881370180848,0.206563121882214,0.15707581575426,0.280430923815082
0.088813502243389,0.307564762764767,0.224806331666672,0.390040945771761,0.343335776016752
0.434329435080612,0.638977606364216,0.382665234454605,0.369142474873126,0.287295444055341
0,0.00460818713824561,0.00288842226031404,0.0125999896803994,0.1147711191647
0,0.212175802365274,0.122583742888264,0.107204824789061,0.38319422224374
0.494759543895191,0.163700161911005,0.587570326401365,0.264730289295436,0.0887831839952433
0.110313696206274,0.0651649809549494,0.0590648049954023,0.233067358585637,0.269952165147847
0.394926759898535,0.554350867630526,0.227892703454655,0.382397537649467,0.143299309448469
0,0.00263307607899228,0.0240414327933673,0,0.10051307123181
0.0480557364897278,0.108912027267361,0.0572282058885308,0.104141580790513,0.245183333201367
0.238823975403543,0.169624835088745,0.295377234747449,0.381762428561072,0.0831556171556483
0.221098357854049,0.122719498681585,0.0343864991347545,0.188332028663273,0.417700426897426
0.49202193025268,0.596110562883317,0.588966627435899,0.325763961985142,0.153447551513748
0.0130061526893261,0.0270630911095867,0,0.0179999887379995,0.026046482510696
0.401471661277998,0.0666091367309746,0.332698644307946,0.356695731624525,0.376394069830856
0.00687945236461098,0.250533748271884,0.161497723459909,0.296281205147529,0.0880369391061425
0.306009334218495,0.146871116021716,0.151412603056504,0.154955710353184,0.299655390380013
0.27263339944957,0.508922907865839,0.354391029175641,0.174067364136762,0.209867118172293
0.0220732790374441,0.0251575000314575,0,0,0.00269999412149974
0.284071140351344,0.0980651890206728,0.0485999609439984,0.26114611240126,0.195350019790751
0.00940274344192894,0.105949286343921,0.28453573938143,0.182133712556814,0.438067229713025
0.308590140503737,0.139642731725352,0.384562234382489,0.334871684055381,0.216092050724142
0.375862696665547,0.631185292878597,0.282302065292083,0.221848490986546,0.147790705650582
0,0.00899999429699981,0.00302072009364232,0,0
0.0125999844535994,0.0948350511295567,0.0772488963947158,0.101316702938184,0.000801146029642403
0.204724287370074,0.178600146893805,0.310491646625241,0.0894819085949753,0.4245783767094
0.387887015963933,0.219206738233822,0.0798251754745804,0.345765110027188,0.416909238425642
0.394788712212394,0.498358069445816,0.52941356141182,0.463436278439652,0.157711238835316
0,0,0.00179999304859981,0,0
0.107147161928649,0.0194063764075339,0.190839928152678,0.0215999665183992,0.134517635071058
0.252957822553241,0.250552134261595,0.496056268393519,0.445322350687736,0.209957810597469
0.296859012343462,0.0887586768639322,0.0980307366468299,0.246339858912157,0.379420966765258
0.343036003174648,0.641282812466939,0.213273073758373,0.286737823881708,0.276103587566215
0.00179999805579994,0.002700000108,0.0125585494018736,0,0
0.0689802501383878,0.0621443724857749,0.243690254798088,0.0233375713967387,0.172243707406479
0.00175737705447869,0.198860328954413,0.0517345286555049,0.68433173963364,0.263724123340137
0.412669551792756,0.220323652812946,0.330785787585145,0.0519979308839648,0.316137749593923
0.514792822958578,0.515971645638866,0.361230879559388,0.240332758085657,0.24789441965946
0.000620554016754958,0.000771361014655859,0.00629999107559989,0,0
0.0514696923896817,0.0228493124341369,0.0934063001208756,0,5.0771001167733e-05
0.0723048819522318,0.248463038720798,0,0.127003427540069,0.0700496546111421
0.617244785665609,0.12712686241541,0.144578617734943,0.335284331705687,0.406615278352151
0.258360085975722,0.600789425414999,0.755715091068581,0.537712240754245,0.523284296035539
0,0.0109286233278587,0,0,0
0.0272589036814726,0.0485999584579987,0.145513175783343,0,0.0716380080087963
0.174944290373607,0.139115428173463,0.0629364266363471,0.414509687875684,0.392972441504843
0.362449024061226,0.15413165362395,0.241785734286429,0.19884895177813,0.254000597668025
0.435347781883695,0.64722433641673,0.549764663293881,0.386641360346186,0.281388952818336
0,0,0.000900001019800023,0,0.030813183170901
0.369924415768413,0.000558753013968825,0.0305110056712421,0,0.0979714057229134
0.296418884224797,0.650836037270901,0.45396456398722,0.21898536128478,0.192659374321056
0.0145080353046687,0.150793760769844,0.07815363771938,0.362487918437319,0.233749345882475
0.319148664702122,0.197811448945286,0.436470791602357,0.418526720277901,0.444806690902654
0,0,0,0,0.00820768216415364
0.0325234303252343,0.0108206243679012,0.00168033103696728,0.0317999816677996,0.045580152911603
0.131626832316268,0.113771142868219,0.524984621549662,0.220680796634297,0.020160752403215
0.579824084798241,0.190077088462621,0.081747910798454,0.329670738923086,0.73787448075749
0.256025652560257,0.685331144301259,0.391587136614917,0.417848482774818,0.188176931763539
0,0,0.00179999808279991,0,0
0,0.0251999903275999,0.0901389801463931,0.0260791848345339,0.0187902476012879
0.466192701790047,0.731281999506666,0.233732302751686,0.242909825773114,0.197462523318801
0.293829121170412,0.0493626446417144,0.282403713990571,0.17684937365918,0.418907593405043
0.239978177039542,0.19415536552402,0.39192500502855,0.554161615733172,0.364839635674868
0,0,0.00449999117999965,0,0
0.0296999668315991,2.063900020639e-05,0.15171699806868,0.002141625051399,0.12191916138909
0.521828905611209,0.902615703026157,0.516327229653089,0.420291377086993,0.501797913064725
0.15696499939502,0.0228112212281122,0.131029483241179,0.342656611223759,0.111880962027715
0.291506128162172,0.0745524367455244,0.196426297857052,0.234910386637849,0.264401963518471
0,0,0,0.012835342410731,0.001285750025715
0,0.0104145360624872,0.107257173037886,0.0811827665978485,0.117596581351932
0.885417237541669,0.896300206377801,0.261231386963396,0.0708874002683968,0.363348550266971
0.00162851000651404,0.0364476572186859,0.317275347028232,0.631294793201433,0.195237131904743
0.112954252451817,0.0568376003410256,0.314236092970486,0.20379969752159,0.32253198645064
0.000900001024300028,0,0.0152585635798254,0.10393211292413,0.00141424805656992
0.075965147051059,0.0141648192832964,0.502548509096843,0.366352407882087,0.0329582183183287
0.593176817015774,0.702279409045588,0.0174207126619871,0.112458045410109,0.317844027713761
0.140485820793117,0.123814124476282,0.22636290160179,0.240102227685827,0.30668950426758
0.18947221411575,0.159741647194833,0.238409313059554,0.177155206097847,0.34109400164376
0.0027000000459,0,0.00985856744363554,0.00312846311262467,0
0.172488074932297,0,0.289524729028613,0.0534853269254718,0.0330459579913787
0.215145759657478,0.890367933465151,0.0549650594734277,0.2741277838686,0.053292899598787
0.232537316953134,0.0520940057293161,0.321836756482654,0.396003674256132,0.775972501279175
0.37712884841119,0.0575380608055329,0.32381488757167,0.273254751837171,0.137688641130659
0.0316063081062208,0,0.00179999307379972,0.0041167881399708,0
0.320226740207936,0,0.063715634612341,0.162046314509575,0.0175913396860622
0.0400641594022456,0.57434759656497,0.381216177629863,0.119846912074795,0.361426220095623
0.186921529542254,0.30003297499066,0.232292912524009,0.425818049477814,0.336123882108831
0.421181262741344,0.125619428444369,0.320975282159987,0.288171935797846,0.284858558109484
0.0450088078453611,0,0.00269999306749983,0.0422999537765981,0.0550044717502236
0.179318335352052,0,0.0332763788319095,0.476947931031813,0.0616066550803327
0.0411205026859406,0.758385697550314,0.164634990115875,0.101432085260148,0.299801465990073
0.39794657531581,0.171651099029907,0.507664942691624,0.282533903866424,0.302819648140982
0.336605778800837,0.0699632034197792,0.291723695293092,0.0967861260650173,0.280767759038388
0.0113794593413838,0,0.0486847031421269,0.0162624248456461,0
0.186145614584368,0,0.210899824279592,0.142800066425603,0.0587350529969918
0.0799921543997646,0.488407237442036,0.346825126260306,0.515100611785232,0.483689866445455
0.43892732016782,0.422357095111785,0.153791019766805,0.180381128379819,0.0766119086048049
0.283555451506664,0.0892356674461783,0.23979932655117,0.1454557685637,0.380963171952748
0,0.0364496352757372,0,0.0199290140562377,0.00717909833023852
0.208393278542686,0.129413575529475,0,0.199825995590778,0.068466238149447
0.364664588199298,0.143035773006252,0.335158439373486,0.226052347980774,0.650107468904944
0.0608048540336825,0.132818994648665,0.180235770965187,0.406654300552678,0.103627621766871
0.366137279224334,0.558282021539871,0.484605789661327,0.147538341819532,0.1706195728485
0,0.000900001021600025,0.0237855219989919,0.00360000115840005,0.000900001027900032
0.0321841182896571,0.0470999691303993,0.198940809355514,0.0999788313990686,0.0305580779473004
0.464980084184821,0.553928390294281,0.231324458715627,0.4277681828218,0.401675281451934
0.0533810424804294,0.0762656498303756,0.102451064302945,0.245844695817167,0.336473400430675
0.449454755045093,0.321805989723344,0.443498145626922,0.222808288803565,0.23039323914219
0.00719999316559984,0,0.00593522219586233,0,0.0169710438146101
0.289458508657546,0,0.102879833395035,0,0.0935797254918268
0.533798770277372,0.196729105573833,0.635285498964421,0.24951499948739,0.263449963645598
0.021879435503227,0.224615657796925,0.045748363509696,0.313621463154158,0.445875366402018
0.147663292396256,0.578655236629242,0.210151081934986,0.436863537358452,0.180123900645947
0,0,0,0.00989999333659977,0.00822893424686803
0.0295871914438079,0,0.0638999435974986,0.0614773980902315,0.259311056779332
0.594548758918231,0.345507354491596,0.339524649488116,0.231710032878141,0.269132849073985
0.0231421613471324,0.043286689562727,0.133827228345681,0.371863872643372,0.254357143630714
0.352721888290828,0.611205955945678,0.462748178568704,0.325048703051656,0.2089700162691
0,0,0,0.0107999876371993,0.0170581659381991
0,0.0663412921941433,0.0231829754172936,0.146639192651712,0.0465418075597994
0.627377186547544,0.224449576040092,0.534351859618333,0.373788895053545,0.303645741700516
0.0641372402827448,0.0723527743023499,0.0240000034320001,0.228795833498954,0.408305618456809
0.308485573169712,0.636856357463415,0.418465161532373,0.239976091158589,0.224448666344677
0,0,0.000900001027900032,0.142262376824431,0.00347112907636484
0.0134999861889998,0.256241086124822,0.0297207389213429,0.206827070375489,0.467902344293852
0.656741728194384,0.124208692484174,0.225326878985133,0.115289030340897,0.192671741238778
0.0244278023419892,0.108731888174638,0.158674470918909,0.276151855188352,0.1943272532752
0.305330483274627,0.510818333216367,0.585377910146715,0.259469667270832,0.141627532115806
0,0,0,0.0044999971574999,0.0163288573102483
0,0,0.077335967397415,0.145671392098499,0.469389884918408
0.164332318957982,0.211805856871535,0.0505063455656967,0.034327601201466,0.320538904090239
0.202237631640277,0.229735980283928,0.394263070222155,0.28163971585739,0.144414489743875
0.633430049401741,0.558458162844538,0.477894616814733,0.533861293685145,0.0493278639372294
0,0.00374858317993199,0.00449999717099989,0.00360000117280006,0.00720000125200004
0.0190267043995608,0.147330664071872,0.0683395575969032,0.372239340867488,0.0652542242838978
0.0212588804464365,0.172745191291769,0.380437405456621,0.262133727582419,0.46705514834693
0.105170584208582,0.192676554248475,0.118346894497182,0.15645769850997,0.253167322860856
0.85454383094542,0.483499007207952,0.428376145278294,0.205569231867323,0.207323303256316
0,0.00521013227613701,0.0281585110137064,0.0320136081845035,0.0326149735329038
0.067564999094515,0.0976129751734877,0.0674130914268713,0.129791968802303,0.192362699041047
0.0611794258965622,0.172033625117782,0.114366784117204,0.504763908676265,0.0635540349870396
0.190178899895546,0.157305082337169,0.565795730368646,0.173843972432227,0.52073234047442
0.681076675113377,0.567838185095424,0.224265883073572,0.159586541904702,0.19073595196459
0.0039000031248001,0.0224793431239672,0.000899996029699869,0.0183863298457712,0.0502496472662271
0.0772062374705996,0.227253172362659,0.192856747364273,0.648045795810107,0.164409006686585
0,0.361938441096922,0.388294206813709,0.129067064937085,0.212623808820548
0.478951273326441,0.0524956146247807,0.199143396571732,0.092373890249199,0.251505106347832
0.43994248607816,0.335833428791671,0.218805653220587,0.112126919157838,0.321212430878808
0.00629999026459959,0.00565689823193283,0.00269999407559983,0,0.00953528962932912
0.222455628343136,0.23608098367932,0.038914358089602,0.265843962582723,0.150100161906611
0.0645247657100402,0.0246206310094459,0.720082563162312,0.152596882204535,0.278671878392344
0.42929572003042,0.351240426400857,0.0878170154588764,0.370398201778362,0.363365329982112
0.277423895651804,0.382401060678443,0.15048606921361,0.21116095343438,0.198327340089604
0.000899996040499822,0.0177430796564939,0.0113792694096537,0,0.000900001036900042
0.0481718951677353,0.319844016834229,0.102769639699707,0.0143999943887998,0.073383196008711
0.514345085145529,0.022773595842623,0.229647328267304,0.428116335559141,0.303351327437404
0.173017197785774,0.36880325464572,0.255385432193876,0.217069978860889,0.230812705463321
0.263565825860462,0.270836053020934,0.40081833042946,0.34041369119117,0.391552770053664
0,0,0.0125999835417993,0,0
0.0162528553575628,0.658248952848481,0.172547425419539,0,0.00367495308819887
0.653099633368192,0.00584064010513152,0.0712249030626708,0.658555645171113,0.453633421887202
0.0982463421614195,0.204748150685467,0.373471721059284,0.05207099804142,0.328292545879021
0.232401169112826,0.131162256360921,0.370155966916707,0.289373356787467,0.214399079145578
0,0,0,0.00179999201619993,0
0.0503894695116841,0.0326999779809993,0.0468939894068197,0.0387416183486746,0.0254999826374996
0.608796418263893,0.119390099581703,0.0533569586007088,0.856401412707613,0.639828348995709
0.0492110374763311,0.283857804515734,0.394509636835289,0.00321700802895307,0.145202902630073
0.291603074748092,0.564052117921564,0.505239415157183,0.0998399688985597,0.189468765736719
0.0128999944514998,0,0,0,0
0.0503777897632226,0,0.024879264472706,0.0369207976276536,0.0632698979736852
0.188339640591887,0.102246705124714,0.207297732938657,0.696099097833685,0.405987906081432
0.406739044235867,0.64324361407568,0.239614425552674,0.087158000481686,0.283994322347733
0.341643530957524,0.254509680799607,0.528208577035963,0.179822104056976,0.24674787359715
0,0,0,0,0.00407138608549911
0.0377999592473987,0.0242999855345997,0,0,0.0231728674866302
0.532332071566958,0.01397136530737,0.350307772904309,0.434718321651338,0.140384118948066
0.139289275596546,0.585086175871896,0.187444852624228,0.139371139811825,0.433444146102327
0.290578693589097,0.376642473286134,0.462247374471463,0.425910538536837,0.398927481377477
0,0,0.00539999014039974,0.000171408003942384,0.0399867555194967
0.0297616697738034,0,0.0733505699071148,0.0105876212435153,0.065315369481984
0.667437800353383,0.02996347868916,0.265913264913745,0.265212198099881,0.145655845534922
0.0812517291125449,0.476616274962174,0.15828922111552,0.179403766126287,0.290924700055139
0.221548800760269,0.493420246348666,0.497046953923221,0.544625006526375,0.458117329408459
0,0,0.00449999220699964,0.00162858903257178,0
0,0.0098615885547881,0.0894686021155557,0.0590123041802461,0
0.683601094836011,0.0195680114013341,0.366483982858263,0.800831197016624,0.350768393418441
0.176302429763024,0.432265824670757,0.126089826800132,0.0424910708498214,0.269781023474745
0.140096475400965,0.53830457537312,0.413457596019049,0.0960368389207368,0.379450583106814
0,0,0.00539999414579984,0.000899996037799834,0
0.00456167915053541,0.0215206486671401,0.261204945052533,0.0451065328944744,0.0362593224866322
0.518533210111596,0.101599917149597,0.0595713486084264,0.501735355072885,0.17527049418609
0.117406144874403,0.279537978665677,0.0949591295638965,0.0781211742810893,0.271775405142792
0.359498965863466,0.597341455517585,0.578864582629344,0.374136941713752,0.516694778184486
0,0,0.00359998614759943,0.000900001042300049,0
0.032399967971999,0.0185032382590453,0.129553039311675,0.0576183797080638,0.15568847207185
0.619786204593586,0.322735659518299,0.0836770444307588,0.430534196235107,0.350548350671386
0.0421644932649348,0.256796554595152,0.485361137899807,0.30235850821085,0.168035880553399
0.30564933416948,0.401964547627504,0.29780879221016,0.208588914803679,0.325727296703365
0,0,0,0.0417416345044981,0
2.937600029376e-05,0,0.0274515786039347,0.195320736719244,0.0228458393883793
0.899215346992153,0.9553501089107,0.178156474919442,0.19910932494656,0.163773731784153
0.00184111801841118,0.0116380710232761,0.50408591308989,0.281189595871376,0.393801071694618
0.0989141589891416,0.0330118200660236,0.290306033386733,0.282638707958322,0.419579357132849
0,0,0.0195207447417883,0.176245655570915,0
5.2875000158625e-05,0,0.495369573824044,0.243475288747597,0
0.853221646559665,0.985097529985097,0.0279650440626717,0.094371506266606,0.245005808390128
0.1195333903586,0,0.223542144494601,0.19974857238064,0.24325272135156
0.0271920880815763,0.0149024700149025,0.233602492876895,0.286158977034241,0.511741470258312
0.0234857566810869,0,0.00180000205760007,0,0.000171566003774452
0.150396791361507,0,0.0667023941344766,0.0104995965039806,0.0371553298174173
0.619627551969199,1,0.215552408897677,0.139616897701611,0.0782580767216777
0.0830815724093656,0,0.468047862977532,0.376671058080211,0.614690396523189
0.123408327578842,0,0.247897331932715,0.473212447714197,0.269724630933942
0.0469936265977833,0,0,0,0.0117858225657195
0.436801272851243,0,0.154295086931607,0.223681747815725,0.0694086913316172
0.295249632038487,0.942270759942271,0.0351000726669014,0.190363310949446,0.198009396504451
0.0497794056924998,0.0577292400577292,0.377099673164894,0.329930663578197,0.183471889806651
0.171176062819986,0,0.433505167236598,0.256024277656631,0.537324199791562
0.0116999874796995,0,0.0499696655484529,2.0827000728945e-05,0.0641798775671951
0.638727939187846,0,0.290928574837357,0.392537694738819,0.10915675836627
0.0557650282863662,0.731442364194327,0.0662945903810241,0.106110656713873,0.399200945968038
0.12451902610528,0.255978274767935,0.404904069650108,0.299602836486099,0.132908665316347
0.169288018940809,0.0125793610377381,0.187903099583058,0.201727985060479,0.29455375278215
0.0144205613893552,0,0.101054624659059,0.0411240521384507,0
0.067121591812283,0,0.166006533296366,0.456214055723131,0.0134163762817439
0.0393666930629007,0.443103750431038,0.412311553089447,0.181359085430672,0.237896701995831
0.77091739381477,0.525396281253963,0.170736837561263,0.224231801660054,0.284496502974427
0.108173759920692,0.0314999683149997,0.149890451393865,0.0970710050476923,0.464190418747999
0.00629999020159969,0.0387206296649871,0.00269999508639984,0,0.00989999223759981
0.241621699731894,0.236036531149571,0.105062220361991,0.086589845377004,0.141622822398948
0.393723227599143,0.206136446863867,0.506257114200228,0.302773164808153,0.604759700514233
0.0357000181424006,0.118517132096237,0.136833165378661,0.285246303124606,0.182390068377362
0.322655064324962,0.400589260225338,0.24914750497272,0.325390686690237,0.061327416471858
0.0017999870413997,0,0.0417207047939903,0.00539999817819994,0.00349195104888731
0.134353240090125,0.0152594451068161,0.209538390010151,0.103914649429183,0.0937619053126667
0.641352410751105,0.9288999705023,0.455091904568952,0.680975342472186,0.841410390779745
0.0154724633558667,0.000428989003002923,0.0605791896049052,0.106792055524138,0.0196324572748544
0.207021898761504,0.0554115953878812,0.233069811022002,0.102917954396293,0.0417032955838461
0.00180000201620002,0,0.00207925504990212,0.00752082925570819,0.0420532357736304
0.0275167862476511,0,0.0720227667285464,0.0439059184928012,0.187918495848376
0.816918710352268,0.719202336876809,0.691892976605431,0.645018848930641,0.485495635305285
0,0.0219400190877601,0.0812169769492074,0.191843789522689,0.148594617335392
0.153764501383881,0.258857644035431,0.152788024666913,0.111710613798161,0.135938015737317
0,0,0,0.0114416686292918,0.00719998028799921
0.00899999717099995,0,0.215226330874074,0.0907927059935988,0.118627640745106
0.465604002846476,0.529737798827116,0.239240800306334,0.317390999456505,0.367819140712766
0.0479154619103938,0.17007724487085,0.159811465876606,0.296910675330087,0.228855158154206
0.47748053807213,0.300184956302035,0.385721402942985,0.283463950590517,0.277498080099923
0,0,0,0,0.00359999016919954
0.0251999744283996,0.0379967144559606,0.104513797672221,0.0845014727180648,0.0796285427425415
0.384476761536105,0.468314820619778,0.425944529815112,0.202396700905455,0.27335213684755
0.0693639131791865,0.0819760299837124,0.173532721776524,0.304393757393325,0.410821782308624
0.520959350856309,0.411712434940549,0.296008950736143,0.408708068983155,0.232597547932085
0,0,0,0.133133611180227,0
0.0117617151529023,0.00977209131270692,0.103972889015214,0.243573580113784,0
0.603161025841093,0.28384157008293,0.124258304603491,0.237487007511214,0.42677750024266
0.0224999742924997,0.0928091109698916,0.189108189484137,0.153540766200536,0.20808539799405
0.362577284713505,0.613577227634471,0.582660616897158,0.232265034994238,0.36513710176329
0,0,0.00992073653571977,0.047570489330954,0
0.11192049135033,0.0354865448871636,0.176353123523069,0.117942605779188,0.025911738492323
0.414208519698379,0.236470726911768,0.328466225737176,0.218710980716838,0.607070162534333
0.0535073581236545,0.207380728184518,0.119854975472169,0.284291531930285,0.282848311374118
0.420363630827636,0.52066200001655,0.365404938731867,0.331484392242735,0.084169787599226
0,0,0.0120838616283608,0,0
0.0188588614526127,0.00475184311879608,0.16853595376387,0.0969704732303209,0.000620932031667534
0.075773167818556,0.0929586503239663,0.532223858675641,0.188381501332775,0.364937621611819
0.299216032181185,0.266593650664841,0.0528043817458279,0.47778088098896,0.334617815065509
0.606151938547647,0.635695855892396,0.234351944186301,0.236867144447944,0.299823631291005
0,0.003985606131525,0.0203575830789519,0.0111208443002628,0.00758559735652308
0,0.104262611440666,0.243872736925255,0.165806275476769,0.0789886757124678
0.0886645654826078,0.47439425065501,0.150269654964292,0.542814099655981,0.570938877834127
0.226497805341939,0.0301337099944124,0.372568531746132,0.136349505681437,0.220641664370158
0.684837629175454,0.387223821778386,0.212931493285369,0.14390927488555,0.121845184726724
0.000877850906992853,0.000514400018518401,0.0134999936749997,0.00449999213049977,0.0553502921549667
0.102160550504157,0.289625407426515,0.332820355641018,0.186984265422544,0.156428192916407
0,0.457284578462245,0.110333820516691,0.286691531314054,0.411246463441048
0.352153765716476,0.181479255533253,0.366710784335539,0.142587792135046,0.18846648474259
0.544807832872374,0.0710963585594689,0.176635045831752,0.379236418997856,0.188508566744988
0.00809999838069993,0.00629999625199985,0.00539999922679997,0.000900001038700045,0.0751889746617164
0.217578675226198,0.588386468535459,0.125036367251527,0.110697181759979,0.271443650829506
0.119847286632822,0.0590575113623005,0.279126794723325,0.336475730468456,0.10177709131018
0.166686515834266,0.12636375305455,0.205239726620069,0.305699454145077,0.190692846822957
0.487787523926014,0.219892270795691,0.385197112178279,0.246227632587788,0.360897436375641
0.00899998027899939,0.0170999747523989,0.00450000117100004,0,0.0180215044865806
0.46324774436068,0.0720000321680014,0.607339798078912,0.0278143411682023,0.393599483627186
0.163240711060462,0.183943238093502,0.00244257709281793,0.234435913846308,0.326264044809129
0.102899491189884,0.286644863612374,0.226795878618243,0.413327231359744,0.1827518599343
0.261612073109974,0.440311891373723,0.158921745039026,0.324422513625746,0.0793631071428039
0,0.0107999843347995,0,0,0
0.0464849114410322,0.0147254404564887,0.079697913666104,0.10162913733747,0.0268243955633123
0.465856758441559,0.12786677696387,0.211154237713095,0.477222047976107,0.738954172518038
0.214516510650012,0.432232106399195,0.337765680537221,0.0774518977813936,0.173386636641119
0.273141819467396,0.414375691845646,0.37138216808358,0.343696916905029,0.0608347952775307
0.0288856301265396,0,0,0.000899996028799873,0.000900001040500047
0.177532454923766,0.235003855460139,0.13302019865101,0.0919064569410066,0.0912220241049911
0.529232138640053,0.118380475261697,0.436725970836299,0.512349190395174,0.460884649739809
0.0716480147942726,0.302083680875012,0.15250780262539,0.16036032613153,0.0929147811811652
0.192701761515369,0.344531988403152,0.277746027887301,0.234484030503489,0.354078543933534
0.00259377204409412,0,0,0,0
0.00222068003775156,0.0686578927552368,0.0682037381594636,0.0430934636894954,0.0297209035157661
0.733219100464725,0.519738383717122,0.648024491016416,0.447007775152124,0.3505078408759
0.0277320694714452,0.0501429045515719,0.100494637708409,0.179120777865932,0.318736705255572
0.234234377981984,0.361460818976069,0.183277133115711,0.330777983292448,0.301034550352762
0.0165205644295347,0,0,0,0.0132209123834065
0.0708393038418219,0,0.0416323817910152,0.0003208400016042,0.053979035565392
0.293028949618753,0.607224369072244,0.43030893517587,0.566695499833477,0.082927829404907
0.280413571290753,0.168453149684531,0.175144446327745,0.0948186644740933,0.472826418711966
0.339197610819138,0.224322481243225,0.35291423670537,0.338164995690825,0.377045803934328
0.0343713636841968,0,0,0,0
0.0938811326001755,0,0,0.0133044283193063,0.0352294940568848
0.153648676528785,0.432961342896652,0.548549544873892,0.354054870497317,0.19143834674315
0.356851370485717,0.143596070292365,0.247262097450718,0.180385596329254,0.544519216335577
0.361247456701125,0.423442586810983,0.20418835767539,0.452255104854123,0.228812942864388
0.0398142935129432,0,0,0,0
0.141800811388431,0,0.21692886059251,0.0283955117098878,0.0136286162725723
0.564430346448353,0.175630147917644,0.192964433753755,0.33142238628556,0.621048723420975
0.0195411397425633,0.1472535841231,0.210552990369355,0.112285698807142,0.125513423510268
0.23441340890771,0.677116267959256,0.37955371528438,0.52789640319741,0.239809236796185
0.0335999754783989,0,0,0.00270000415930025,0
0.234973260338823,0.0647508466187712,0.0394880844610591,0.0362791481404697,0.0938561942235287
0.263399470589577,0.257506375437659,0.186489293900104,0.200841025849621,0.300001889500085
0.11366067600107,0.0568832704220818,0.225549492345331,0.359915745235029,0.354830830967387
0.354366617592131,0.620859507521488,0.548473129293506,0.400264076615581,0.251311085308999
0.0165857524809868,0,0.00629999120159972,0.0687197033293413,0
0.0827571803999582,0.0077045071078631,0.0713129512820144,0.166629245497642,0.119348412745013
0.326526054469256,0.197159816760237,0.0667520111360644,0.134469694471591,0.635671963620455
0.182656931297051,0.246423867449934,0.319508006224256,0.4251238037828,0.10942130751669
0.391474081352748,0.548711808681965,0.536127040156065,0.205057552918626,0.135558316117841
0.0335142299048842,0.000620664003723984,0,0.0572802390358527,0
0.16906072956464,0.0489412932936478,0.0781156794997017,0.2673754741709,0.0424510077641181
0.554547797972791,0.514397646086386,0.0225622447219918,0.201992403705597,0.375336478756057
0.0353161069535349,0.00400332002401992,0.273784253761096,0.187862730956725,0.174699641144594
0.207561135604151,0.432037076592222,0.62553782201721,0.285489152130925,0.407512872335232
0.0272999886278997,0,0.0209792389440658,0.0502858157097177,0
0.129975501989437,0,0.329246767816105,0.0360430702254644,0
0.564284156978536,0.985661965971324,0.0343195355443791,0.0948288862241821,0.0313711814078254
0.0663426725258815,0,0.427768464249581,0.589417549040197,0.586803531628446
0.212097679878247,0.0143380340286761,0.18768599344587,0.229424678800439,0.381825286963729
0.0335142154746255,0.00062067,0,0.028468340508822,0
0.180409800938031,0.048360632,0.0405414608513707,0.0890777247211194,0
0.511564136508822,0.948875567,0.0389594708181489,0.191720765161201,0.0221805989517898
0.0369581496261586,0,0.673853947150933,0.380276849154673,0.540321809984589
0.237553697452363,0.002143131,0.246645121179548,0.310456320454185,0.437497591063621
0,0,0.00848578522063042,0.00205737311109815,0.00745737620880653
0.0388780763499027,0.0213426280213426,0.0417628250858334,0.21543722863361,0.0592599676592791
0.877068710893618,0.967238521967239,0.0790283410547369,0.287178452507636,0.00938635026281781
0.00191845301726608,0,0.516712394434522,0.200213232811515,0.183213161129969
0.0821347597392128,0.0114188500114188,0.354010654204277,0.295113712936141,0.740683144739128
0.00629998920789964,0,0.0845806571594201,0.00512177425096694,0.0465844561894694
0.301367788945137,0,0.261310137939918,0.114993420634678,0.0719027463794291
0.45076150687513,1,0,0.112374945506372,0.333196832660251
0.0787806605997618,0,0.391856960903275,0.404003783796185,0.0913397722929693
0.162790054372072,0,0.262252243997387,0.363506075811798,0.456976192477881
0.000879436023744773,0,0.0118948554401097,0,0.0170322849197434
0.163364780410849,0,0.176523090531354,0.0659460832529756,0.145921992879788
0.150303966058207,0.942956761714784,0.183631645794371,0.154540715936274,0.152186415218066
0.181678077905308,0.0305999781529999,0.197617493311847,0.556105488566004,0.245924292279912
0.503773739601891,0.0264432601322163,0.430332914922318,0.223407712244747,0.438935014702491
0.0017999920683997,0.00955866539190528,0.0049710051938692,0.0612854528804163,0
0.113793069324137,0.0897125166782132,0.181100755062929,0.444736337902608,0.330799845931596
0.16070711710687,0.157821127470666,0.25886743109583,0.0950891244691889,0.438706617845079
0.317050065047903,0.193075934916113,0.196974001681986,0.221999308433968,0.0984304326576217
0.406649756452691,0.549831755543102,0.358086806965385,0.176889776313819,0.132063103565704
0.0391266580345862,0.0342413228217918,0.0673704821558554,0.085519072703549,0.0381209052961108
0.191915831979623,0.117022037808529,0.225830573226578,0.362320681927638,0.130312029430609
0.388872766221384,0.67679665024312,0.337184294789897,0.123414758787812,0.81300764964226
0.0475653184733966,0.0301489687235753,0.0798236365543564,0.186049794232739,0.00899998730599957
0.33251942529101,0.141791020402984,0.289791013273312,0.242695692348263,0.00955942832502056
0.0107144722357184,0,0.0096414962603204,0.118308089377399,0.00449999712599992
0.0655710084425622,0.00269870902428838,0.161150286351058,0.224990300324641,0.0498814903966817
0.569130319520867,0.890782807017045,0.660481748833007,0.0469000447353017,0.715524968034699
0.0302009176644202,0.013158667118428,0.0791999461383985,0.11513756426009,0.041089070150494
0.324383282136432,0.0933598168402383,0.0895265224172161,0.494664001302568,0.189004474292125
0.0116999792807995,0,0,0.0816872278788062,0.000899996037799834
0.0832472659979344,0.0288434333172778,0,0.319830657356105,0.244767644280241
0.668610657046656,0.651453074165984,0.797662303381298,0.0535962332327134,0.405239150020044
0.0119660262871846,0.00117933801297272,0.0364552432916419,0.0700562096112928,0.193209343114792
0.224476071387426,0.318524154503766,0.16588245332706,0.474829671921082,0.155883866547122
0.00602058511439112,0,0,0.0851565875765767,0.00269998911339954
0.0625494421884394,0.0188784953398129,0,0.474687301936867,0.108285204547979
0.715222979589237,0.731191268161443,0.526013137520263,0.203783505558907,0.596670903060178
0.0257794474898095,0.0558412910051432,0.155679633113593,0.0486268720423286,0.184107888732531
0.190427545618123,0.194088945493601,0.318307229366145,0.187745732885321,0.108236014545913
0.00179999802699997,0,0,0.351174758903379,0
0.0421526806322902,0.0161999871295999,0,0.362581687907189,0.0762855330597094
0.727452545911788,0.825653452605228,0.768165918522489,0.0707830192289057,0.615871897628541
0,0.0227793041822344,0.0202485383037281,0.198962126508667,0.159326702301821
0.228594775428922,0.135367256082938,0.211585543173783,0.0164984074518599,0.148515867009928
0,0,0.0179792235034183,0.0356159938547839,0.00179999703599994
0.00867940907811468,0,0.348145164748065,0.0370304538887309,0.189574354791487
0.612734691514612,0.606803909461235,0.214005138992144,0.206734013961616,0.604116861082337
0.0358105713222951,0.0502336854521032,0.163573492580058,0.592241044213785,0.114401804288036
0.342775328084978,0.342962405086662,0.256296980176315,0.128378494081084,0.0901069828021396
0,0,0.0177000259027013,0.00222730306236449,0.0071999813455991
0.0654822945893407,0,0.164481212388542,0.117671360294798,0.284528221657355
0.655456279899106,0.378265105052242,0.234644396966864,0.212481764949489,0.41190146377127
0.0135021311215192,0.1967250141476,0.259027469210401,0.480952655466674,0.0592116428421589
0.265559294390034,0.425009880800158,0.324146895531492,0.186666916226674,0.237158690383617
0,0.00655680530816985,0,0.0094935473417677,0.0142712114566788
0,0.121359663703904,0.0220149335944032,0.0723412526042851,0.103714327318858
0.400680808006808,0.322866214174712,0.517414649970195,0.489091473607293,0.69665248929288
0.123383549233835,0.0687863492329584,0.189151819107099,0.331811174945202,0.0542003347344107
0.475935642759356,0.480430967580255,0.271418597328302,0.0972625515014519,0.131161637197172
0,0.00694317424995427,0,0,0.0127287637382683
0.00263827604748897,0.111707983021487,0.0333282652664741,0.039374953826874,0.116081488732726
0.0300778515414013,0.414771558931776,0.41540579778542,0.576630547109242,0.517888602037539
0.33474891702548,0.105320624791542,0.339982972919353,0.143184159006867,0.183565226646783
0.632534955385629,0.36125665900524,0.211282964028753,0.240810340057017,0.169735918844683
0.00287125008900875,0,0.00179999808279991,0,0.0429894122671953
0.021599968669599,0.170288160554322,0.101610786674096,0.11670222020128,0.228956363400684
0.102193206167989,0.551302273269534,0.272323589526885,0.386475351913113,0.230248348498874
0.361066291193055,0.0561655598424834,0.150438187920157,0.172750191219007,0.325050385703829
0.512269283880348,0.22224400633366,0.473827437796062,0.324072236666601,0.172755490129417
0.0121493093766286,0.00629999518899986,0,0.00179999306659974,0.13622086990081
0.193514665998955,0.0491409504742285,0.452003966464127,0.0389999824429994,0.295242438124061
0.409453098693046,0.138682766160483,0.107877324452074,0.41560567037741,0.277120330072979
0.056293742745106,0.246058316381749,0.0769365274619689,0.328291954146802,0.210820319227579
0.328589183186265,0.559817971794539,0.36318218162183,0.215302399966189,0.0805960426745705
0.0107775423448814,0,0,0.00359999510079986,0.0178058697656524
0.239852963675295,0.0114383971601376,0.0795006311465171,0.375748908520969,0.166621808164738
0.625732117023428,0.817131281439838,0.119948677238614,0.0877172414560828,0.391722596844072
0.0066539032129249,0.0551405517719677,0.282514152627882,0.161560603523697,0.266519893460355
0.116983473743471,0.116289769628057,0.518036538986987,0.371373251398451,0.157329831765183
0.0320852414317244,0.00269999005129981,0,0.00359999611159988,0.0036418651566002
0.0141091618895462,0.037221683707212,0.0750600788014419,0.167432661190413,0.168639206251486
0.664447362687242,0.618996560760935,0.667571730021722,0.380564239797491,0.525674547604006
0.0863395231894262,0.0311667645921685,0.0691708606601007,0.197386028118967,0.175305428538133
0.203018710802061,0.309915000888385,0.188197330516736,0.251017074781529,0.126738952449775
0.0394268145770726,0,0,0,0.00179999205759975
0.0571161632846465,0.0809575855667031,0.216664613849945,0.0991256456763924,0.214544296865417
0.634723712388948,0.670336812692358,0.447901077093329,0.54448370570106,0.366893216740583
0.0220716598828664,0.0385708742699961,0.0631131877040561,0.0966846206104847,0.297315108514083
0.246661649866466,0.210134727470943,0.27232112135267,0.259706028012063,0.119447385822316
0.0181937073274867,0,0,0,0.0209999678609987
0.078946277421033,0.060128420863981,0.0550536806606442,0.465490228292158,0.0702856728817126
0.711609100808964,0.211700063562702,0.811887064742645,0.13176400161174,0.269332245042622
0,0.224395740956268,0.0217245602606947,0.136308666770803,0.241155884887391
0.191250914442516,0.503775774617049,0.111334694336016,0.266437103325299,0.398226229327275
0,0,0,0,0
0,0.0479335248628034,0.00394282006702794,0.0381856869164565,0.0515999529607982
0.814253510656563,0.305460971498297,0.380803944473667,0.483970238615286,0.390401410835254
0.071468502286433,0.0539571749712291,0.190193193233284,0.0423024850152596,0.332245242625319
0.114277987057004,0.59264832866767,0.425060042226021,0.435541589452998,0.225753393578629
0,0,0,0,0
0.234932745289058,0.0775446845589746,0.0419363673839001,0.0233142765129141,0.0659999343759976
0.616636242632907,0.231175781628801,0.115011145795368,0.0904079319889745,0.377031259573125
0.0233588473270239,0.0958714611637582,0.236379247800515,0.3541227217907,0.378892337640124
0.12507216475101,0.595408072648466,0.606673239020217,0.532155069707412,0.178076468410753
0,0,0.00302076210572667,0.0423429067784021,0
0.255514015599252,0.0314999404094992,0.0702899764601492,0.233675265814361,0.0500352117011972
0.449001623082029,0.343621043467074,0.160461182616141,0.0412416157321479,0.682688718211416
0.012169724219055,0.0884466781498068,0.24602171561076,0.371655727609541,0.0645009581930326
0.283314637099663,0.53643233797362,0.520206363207223,0.311084484065548,0.202775111894354
0,0,0,0.0133945382812853,0
0,0.00539999409719989,0.206044867387391,0.846031000766651,0.175208656781886
0.489274497403471,0.370039238660706,0.187117496800642,0.0869458968258638,0.477930663771712
0.359194191232748,0.0672505742105103,0.154606513792802,0.029207854613365,0.0917999190293973
0.151531311363782,0.557310193031583,0.452231122019165,0.0244207095128349,0.255060760417005
0,0.0020793290499039,0.00103748903942458,0.0026999931187997,0
0.0189311892461055,0.0986379013673096,0.264557474053184,0.0873973878454851,0.024277249582654
0.547658997119567,0.430697978336751,0.0880690643466245,0.148709750543229,0.622947404950738
0.13015694369204,0.0457106700970561,0.393834376965706,0.363839989008959,0.14833623956007
0.303252869942287,0.422874121148979,0.252501595595061,0.397352879483527,0.204439105906539
0,0,0.00896903934979253,0.00361283113006192,0
0.00086883001216362,0.0226165865427981,0.104767485085932,0.0420629185142651,0
0.685416667595833,0.649841831596204,0.144089185619478,0.111073684998653,0.0494999557424993
0.0505456187076387,0.107690588584574,0.275714328752859,0.520803179748914,0.414310788214662
0.263168883684364,0.219850993276424,0.466459961191938,0.322447385608106,0.536189256042839
0,0.00387932813965581,0.00471422220271155,0.0287663162657179,0
0.00771617212345875,0.0675030934301114,0.1993790595733,0.101888592483098,0
0.80589811289437,0.73041056429478,0.0803759404561654,0.503293420144911,0.278581422621558
0.0169993172719891,0.0319540151503445,0.564297489264792,0.285566873564942,0.22152767487986
0.169386397710182,0.166252998985108,0.151233288503031,0.0804847975413311,0.499890902498582
0,0.00359999608279991,0.0125999845291994,0,0.00899999119799981
0.0258426225943803,0.0754697567358044,0.230558546683459,0.134419394898162,0.0328201497220433
0.777071533872645,0.390301013976923,0.0767524572236032,0.398435299554624,0.0242999615345992
0.0914241241027549,0.00540000112420003,0.464776760520624,0.342684594937853,0.396774459729038
0.10566171943022,0.525229232080272,0.215312251043115,0.124460710609361,0.53710543781632
0,0,0.00717924921537748,0,0.125379013152668
0.0240658594813172,0.0416067301664269,0.0625928258777848,0.003870360096759,0.161260144771991
0.789246454784929,0.888937910555752,0.0970721469121644,0.419243377481084,0.0495005276135385
0.049671447993429,0,0.486766940603008,0.300152705503818,0.266849512480014
0.137016237740325,0.0694553592778214,0.346388837391665,0.276733556918339,0.397010801981789
0.00629999127719962,0,0.0161792246957067,0.00180000806480029,0.0100534785026739
0.0826517806366784,0,0.339132708582706,0.0752254237081152,0.167768319388416
0.432323733022244,0.969907152939814,0.137229718900878,0.326655882759612,0.292004659600233
0.0830075776523334,0.000941358001882716,0.311322018386847,0.273566339848388,0.178826714941336
0.395716917411544,0.029151489058303,0.196136329433862,0.322752345619084,0.351346827567341
